,Cluster,customer_number,fruit_veg,dairy,confectionary,grocery_food,grocery_health_pets,bakery,newspapers_magazines,prepared_meals,soft_drinks,frozen,meat,tobacco,drinks,deli,world_foods,lottery,cashpoint,seasonal_gifting,discount_bakery,practical_items,baskets,average_quantity,total_spend,average_spend
15,6,1671,128.51,109.94,76.7,33.64,26.4,45.0,6.41,53.45,6.53,91.04,71.88,1.0,11.31,25.08,1.95,1.0,25.0,1.83,54.5,1.0,613,1.123980424,756.81,1.23
16,6,11607,168.37,62.11,143.92,161.05,64.34,1.0,10.73,8.65,32.11,174.86,13.56,1.0,18.23,1.0,1.19,1.0,1.0,20.51,1.0,0.84,531,1.367231638,895.64,1.69
17,6,13908,210.42,168.84,57.47,89.24,40.89,1.0,1.0,51.17,17.72,27.25,153.77,1.0,79.46,3.13,1.19,1.0,1.0,1.0,1.0,1.0,497,1.179074447,914.84,1.84
22,6,12855,129.31,127.46,88.7,75.04,46.54,1.0,1.0,1.0,95.72,38.58,89.14,1.0,25.28,66.57,14.71,1.0,1.0,2.55,1.0,1.0,562,1.3879003559999998,862.26,1.53
32,6,10981,115.14,117.8,81.49,114.61,68.63,1.0,11.33,21.62,89.33,78.48,65.1,8.16,32.72,11.59,27.99,2.0,10.0,6.65,1.0,12.98,548,1.302919708,923.25,1.68
34,6,1464,39.65,81.62,59.03,48.84,35.31,9.0,1.48,60.86,31.12,42.12,21.95,1.0,26.39,7.39,8.07,1.0,10.0,16.21,1.0,1.0,368,1.163043478,529.6,1.44
43,6,2499,98.92,53.34,24.16,21.6,55.03,31.0,3.2,27.97,11.33,13.61,16.71,1.0,95.65,1.0,1.0,1.0,1.0,4.98,1.49,1.0,219,1.278538813,434.47,1.98
46,6,6162,100.66,50.02,16.66,75.98,168.55,1.0,4.15,35.89,13.4,41.16,165.27,12.71,100.64,1.0,2.98,1.0,1.0,1.27,1.0,3.4,439,1.138952164,806.04,1.84
57,6,1149,78.7,264.6,127.69,154.27,160.0,30.0,11.84,36.47,17.92,85.05,24.96,1.0,27.64,148.26,0.76,1.0,60.0,1.0,1.0,1.0,902,1.337028825,1333.99,1.48
66,6,445,67.24,79.1,142.23,163.7,42.93,66.0,65.2,70.97,0.72,81.61,49.11,1.0,837.26,1.0,1.0,1.0,1.0,11.97,35.5,1.0,587,1.333901193,1700.09,2.9
69,6,11315,105.99,91.29,50.58,129.37,43.64,1.0,18.74,34.88,9.11,18.0,64.03,1.0,70.4,1.0,8.19,1.0,1.0,21.25,1.0,2.97,502,1.185258964,711.27,1.42
70,6,13412,137.4,15.52,102.82,109.67,13.01,1.0,1.0,234.63,1.0,103.23,1.0,1.0,215.8,1.0,1.0,1.0,1.0,1.0,1.0,1.0,591,1.072758037,932.08,1.58
71,6,206,221.81,46.39,58.47,79.96,27.05,7.0,2.56,66.65,128.21,64.9,159.84,1.0,11.99,157.4,5.58,1.0,1.0,10.52,1.0,1.0,909,1.147414741,1075.19,1.18
73,6,3570,168.71,76.56,113.23,213.84,270.95,1.0,25.73,39.15,59.27,73.18,150.61,1.0,9.35,48.98,29.9,3.0,40.0,8.96,1.0,2.45,987,1.0607902740000001,1378.81,1.4
74,6,2514,48.0,98.14,114.46,56.74,81.59,49.0,5.04,63.94,23.77,26.24,42.11,1.0,28.91,1.0,4.46,1.0,10.0,4.58,1.0,1.0,427,1.1475409840000002,636.13,1.49
78,6,11771,18.1,27.41,1.0,9.18,8.31,1.0,11.08,12.58,34.83,4.5,336.14,1.0,176.74,9.87,28.75,3.0,1.0,1.0,2.48,1.0,353,1.4362606230000001,703.58,1.99
79,6,921,120.93,96.53,203.57,149.38,81.99,8.0,21.04,10.79,137.96,103.75,21.84,1.0,271.33,1.0,12.98,1.0,10.0,33.97,1.0,1.0,895,1.193296089,1342.48,1.5
86,6,7729,94.69,106.06,181.71,203.46,321.36,1.0,8.54,87.62,25.74,72.36,45.73,1.0,32.9,25.41,20.34,1.0,1.0,27.71,1.0,1.0,721,1.3273231620000001,1309.01,1.82
89,6,11596,55.57,44.56,81.5,35.79,65.15,1.0,7.91,2.58,15.86,81.42,9.77,1.0,21.68,14.69,20.83,1.0,1.0,28.94,1.0,1.92,345,1.07826087,520.67,1.51
92,6,14995,26.54,78.56,34.63,40.61,7.96,1.0,30.11,113.32,1.0,68.09,5.23,1.0,57.02,11.09,23.26,6.0,1.0,2.89,1.0,7.22,313,1.258785942,559.3,1.79
100,6,1922,41.43,139.07,99.13,55.46,65.71,27.0,76.45,24.96,14.51,5.8,15.45,1.0,280.58,1.0,1.0,48.0,1.0,1.0,1.0,3.4,587,1.189097104,874.83,1.49
103,6,2451,70.72,80.66,43.11,49.21,22.73,18.0,2.11,45.59,10.73,28.85,46.26,1.0,47.08,2.2,13.64,1.0,1.0,1.0,1.0,2.51,335,1.176119403,492.34,1.47
110,6,1281,72.14,84.85,46.3,92.6,47.38,6.0,33.36,25.25,57.19,70.27,38.12,1.0,22.12,1.0,1.0,1.0,1.0,1.69,20.22,1.0,666,1.1531531529999999,633.78,0.95
115,6,7814,78.59,29.12,20.61,54.32,37.73,1.0,13.0,13.07,2.35,6.03,59.39,0.64,45.76,29.26,1.64,1.0,1.0,1.69,1.0,1.0,287,1.087108014,408.04,1.42
116,6,10189,181.84,47.64,18.66,25.0,15.64,1.0,7.65,29.26,2.84,24.46,12.97,1.0,23.36,30.03,15.12,1.0,1.0,4.96,1.0,1.0,376,1.074468085,449.01,1.19
119,6,10761,199.11,88.51,85.35,95.89,104.01,1.0,95.32,44.03,7.53,139.7,10.72,1.0,92.03,58.98,29.12,1.0,25.0,17.01,1.0,17.17,1053,1.169040836,1191.06,1.13
120,6,510,37.96,84.07,26.32,42.7,34.4,23.0,8.55,22.68,10.88,18.97,18.0,1.0,43.15,3.79,30.55,1.0,1.0,1.0,1.0,1.06,380,1.242105263,432.24,1.14
122,6,9311,22.17,60.27,32.56,106.24,81.5,1.0,1.0,1.0,81.19,31.09,78.47,7.42,181.93,1.0,1.0,1.0,1.0,0.84,1.0,1.0,336,1.1755952379999999,705.97,2.1
124,6,13301,56.26,107.64,33.94,70.83,79.37,1.0,1.0,37.91,10.19,7.75,48.34,1.0,17.68,13.11,3.42,1.0,1.0,1.0,1.0,1.0,395,1.298734177,531.11,1.34
135,6,71,195.01,58.85,222.11,176.19,129.99,40.0,14.07,0.49,51.15,30.32,141.86,1.0,100.21,6.82,6.64,1.0,1.0,2.51,4.44,2.79,809,1.199011125,1233.78,1.53
136,6,896,70.92,29.99,19.69,19.57,39.21,21.0,5.11,20.4,3.57,9.99,12.6,1.0,100.96,0.89,6.93,48.0,1.0,3.72,1.0,1.0,283,1.19434629,401.89,1.42
139,6,13757,17.13,72.72,82.03,87.2,86.29,1.0,1.0,60.57,59.13,67.62,127.68,1.0,11.41,69.08,1.0,1.0,1.0,1.26,1.0,1.0,544,1.194852941,755.75,1.39
140,6,15135,194.88,76.68,80.16,105.9,26.48,1.0,17.9,5.1,1.0,14.39,160.59,0.96,671.13,9.41,23.07,1.0,1.0,3.79,1.0,2.12,885,1.101694915,1404.64,1.59
144,6,7175,88.55,48.53,46.24,64.58,75.13,1.0,2.1,11.55,19.29,8.48,79.94,13.27,115.83,9.04,5.62,1.0,1.0,14.14,1.0,1.0,413,1.188861985,632.0,1.53
150,6,935,21.4,73.36,23.51,100.64,77.05,28.0,8.09,31.56,6.3,4.07,18.34,1.0,113.66,65.73,2.84,1.0,1.0,1.0,6.38,1.0,489,1.17791411,576.91,1.18
151,6,8639,42.64,37.4,23.75,24.86,20.8,1.0,39.35,14.38,3.34,6.62,45.93,1.0,56.17,1.05,3.21,1.0,1.0,5.67,1.0,1.0,262,1.0496183209999999,332.89,1.27
154,6,61,70.18,55.29,46.39,56.18,45.71,44.0,5.55,12.12,14.87,18.63,121.38,1.0,20.65,19.88,16.38,6.0,1.0,3.04,1.0,2.87,420,1.188095238,547.87,1.3
164,6,2684,36.98,16.89,3.0,5.76,11.56,11.0,76.26,20.21,1.68,16.02,46.23,1.0,808.12,33.22,1.0,1.0,1.0,1.0,1.0,5.08,597,1.266331658,1115.27,1.87
170,6,2470,77.81,85.14,26.79,25.11,16.62,10.0,6.63,88.01,1.77,24.53,113.74,1.0,65.08,1.0,4.04,16.0,5.88,1.0,1.0,1.0,358,1.223463687,595.48,1.66
172,6,3139,284.81,42.34,68.85,113.69,183.35,1.0,7.47,126.47,36.87,45.44,113.91,1.0,244.76,1.0,2.78,1.0,1.0,16.88,1.0,24.57,681,1.428781204,1371.68,2.01
173,6,1969,36.41,46.33,24.68,36.38,50.17,12.0,2.1,56.13,6.4,3.95,111.96,1.0,18.77,18.52,2.74,7.0,1.0,1.0,1.0,1.0,366,1.0983606559999999,499.55,1.36
180,6,3579,80.64,122.34,56.1,23.24,14.2,1.0,11.84,108.53,102.4,78.18,106.17,1.0,11.05,6.55,25.56,1.0,1.0,1.0,1.0,1.0,508,1.277559055,792.52,1.56
186,6,8380,117.4,43.58,24.31,54.96,41.86,1.0,3.6,123.03,18.03,63.85,138.8,1.0,275.27,10.69,4.04,1.0,1.0,1.0,1.0,1.0,448,1.158482143,947.58,2.12
189,6,9342,150.08,231.7,113.12,117.24,208.86,1.0,143.05,72.84,128.59,116.46,228.45,2.18,10.21,36.36,22.89,7.0,1.0,9.07,45.23,3.4,1317,1.1662870159999998,1742.09,1.32
197,6,8519,133.72,98.77,73.16,107.55,127.12,1.0,1.26,27.51,27.24,34.15,69.15,1.0,180.92,1.0,1.59,1.0,1.0,4.25,1.0,1.0,549,1.156648452,933.62,1.7
199,6,13962,52.94,160.84,87.28,46.47,56.1,1.0,1.0,56.66,14.19,18.48,29.9,1.0,12.32,1.0,91.02,1.0,1.0,19.26,1.0,4.07,431,1.4663573090000002,675.57,1.57
206,6,1484,98.59,100.28,70.32,108.45,44.02,13.0,50.37,38.2,5.52,81.46,36.07,1.0,263.51,5.98,3.48,1.0,1.0,6.06,1.0,2.55,712,1.2106741570000001,962.19,1.35
209,6,7675,255.66,143.28,85.68,184.94,108.32,1.0,14.03,48.67,35.83,59.2,335.69,1.0,120.47,29.94,11.5,1.0,1.0,31.03,1.0,5.95,858,1.256410256,1541.33,1.8
216,6,1083,75.54,103.3,33.68,63.3,35.91,33.0,9.72,28.57,10.56,46.32,43.64,27.36,115.96,2.48,18.79,1.0,1.0,17.15,1.0,1.0,406,1.219211823,647.31,1.59
219,6,6759,174.75,199.42,238.9,236.28,374.32,1.0,82.4,63.11,103.02,216.2,133.84,1.0,35.55,12.21,1.0,1.0,1.0,11.81,1.0,8.63,1537,1.215354587,1982.1,1.29
220,6,12357,260.39,219.85,208.3,88.26,128.37,1.0,1.0,15.67,313.93,66.78,66.19,2.14,33.68,36.01,1.01,1.0,1.0,3.46,1.0,1.0,1167,1.306769494,1583.09,1.36
232,6,2500,403.03,266.71,110.25,285.57,154.17,19.0,15.2,47.16,32.26,207.55,397.58,1.0,70.09,1.0,13.75,1.0,1.0,1.77,1.0,9.56,1564,1.132352941,2177.42,1.39
234,6,1731,40.89,69.26,69.84,56.77,76.89,38.0,0.95,56.56,14.45,74.14,12.64,1.0,180.79,11.3,1.0,1.0,1.0,3.56,1.0,9.26,441,1.326530612,730.88,1.66
251,6,1254,264.43,136.66,89.41,45.39,240.49,48.0,28.07,107.15,42.39,16.18,80.74,1.0,336.25,1.0,96.82,1.0,1.0,4.35,1.0,7.44,1250,1.3992,1568.6,1.25
253,6,3278,120.54,54.3,51.81,127.4,52.04,1.0,6.35,22.51,31.9,40.42,27.47,1.0,40.69,1.0,8.42,1.0,1.0,8.07,1.0,1.0,464,1.3685344830000001,614.16,1.32
262,6,7158,208.52,104.13,38.25,30.03,89.34,1.0,2.33,50.24,38.83,46.38,175.65,1.0,28.8,49.63,4.04,1.0,1.0,1.0,1.0,1.0,547,1.283363803,871.57,1.59
267,6,2573,57.49,105.64,48.57,15.67,28.77,9.0,36.01,44.24,17.21,30.53,144.62,1.0,187.47,1.8,2.31,1.0,5.0,5.91,1.0,1.0,403,1.1861042179999999,757.0,1.88
269,6,7148,81.5,70.56,80.36,94.07,241.82,1.0,13.44,13.4,6.99,53.24,25.38,1.0,10.47,1.0,3.75,1.0,1.0,12.92,1.0,14.36,610,1.154098361,767.9,1.26
290,6,6992,74.76,53.81,44.91,80.68,134.29,1.0,5.57,37.79,25.7,30.32,72.82,4.36,48.2,58.28,3.27,1.0,10.0,9.36,26.71,1.0,406,1.238916256,748.11,1.84
291,6,1308,116.41,42.49,15.58,22.71,35.36,2.0,9.84,64.23,10.25,11.18,42.7,1.0,31.83,8.0,16.94,1.0,1.0,1.0,1.0,1.0,328,1.079268293,448.26,1.37
292,6,427,54.71,59.32,9.31,11.18,13.33,42.0,3.85,43.35,34.69,56.53,61.82,1.0,541.7,1.0,0.99,4.0,1.0,6.0,1.0,1.27,355,1.126760563,932.52,2.63
293,6,2982,49.94,116.17,93.61,32.81,15.83,1.0,12.1,118.44,53.01,83.78,198.55,1.0,65.13,21.77,1.0,1.0,1.0,1.0,1.0,2.47,886,1.146726862,970.7,1.1
302,6,10732,266.81,244.16,118.44,53.61,56.98,1.0,6.28,41.25,14.25,33.14,75.85,1.0,36.66,23.4,1.45,1.0,10.0,2.99,1.0,1.0,702,1.219373219,1041.28,1.48
305,6,12437,84.88,33.28,48.78,67.35,32.18,1.0,1.0,1.0,11.16,44.05,125.22,1.0,57.75,1.0,1.0,1.0,1.0,2.55,1.0,2.8,318,1.2201257859999999,523.1,1.64
314,6,13852,52.98,47.54,52.26,54.5,20.26,1.0,1.0,28.98,6.03,13.18,70.97,1.0,41.65,16.83,2.93,1.0,1.0,1.0,1.0,1.0,213,1.201877934,422.18,1.98
315,6,15967,11.35,105.73,110.87,47.5,54.84,1.0,3.2,69.2,61.62,12.5,1.0,1.0,112.01,18.59,20.09,1.0,1.0,1.0,1.0,1.0,468,1.318376068,663.17,1.42
320,6,10605,99.99,138.32,29.66,48.9,32.52,1.0,27.99,41.59,24.84,66.44,112.54,1.0,90.72,19.08,3.95,1.0,5.0,2.76,1.0,1.0,586,1.230375427,830.56,1.42
325,6,8789,112.39,123.16,59.22,137.43,95.05,1.0,23.64,68.36,28.9,99.84,256.16,41.66,35.18,28.79,35.35,3.0,1.0,2.53,1.0,1.0,853,1.15943728,1191.74,1.4
332,6,10992,110.78,116.42,106.7,127.74,45.81,1.0,26.78,20.4,36.52,72.4,176.87,1.0,81.09,12.35,15.1,1.0,55.0,16.83,1.0,3.97,778,1.1683804629999999,1069.9,1.38
347,6,7399,15.74,33.39,17.6,17.4,25.27,1.0,3.55,44.48,6.98,5.32,90.97,1.0,96.78,6.51,0.9,1.0,1.0,1.99,1.0,1.61,223,1.233183857,381.09,1.71
349,6,2848,218.19,158.79,94.37,97.73,112.11,40.0,16.32,117.54,51.22,35.87,155.38,1.0,101.98,21.05,21.6,1.0,1.0,2.55,1.0,1.0,774,1.160206718,1266.64,1.64
361,6,15556,67.63,90.57,26.52,39.42,27.11,1.0,0.7,87.83,12.89,1.0,67.4,1.0,157.85,2.04,1.0,1.0,1.0,3.38,4.22,2.45,425,1.287058824,615.99,1.45
362,6,3176,106.38,56.74,39.56,86.92,12.03,1.0,36.39,20.09,35.63,12.83,40.87,1.0,13.77,1.0,11.96,1.0,1.0,1.0,1.0,1.0,419,1.353221957,491.49,1.17
364,6,2764,141.21,76.62,29.49,59.27,31.03,29.0,10.0,26.39,1.29,21.75,76.39,1.0,15.72,11.31,4.09,1.0,1.0,13.7,1.0,8.84,416,1.125,542.1,1.3
370,6,8888,143.85,47.73,32.06,92.37,76.08,1.0,7.52,25.01,26.15,18.26,36.0,15.65,245.9,13.38,3.06,1.0,1.0,18.07,1.0,1.0,515,1.186407767,832.38,1.62
371,6,1905,12.2,44.97,43.61,23.98,24.82,23.0,3.11,18.44,19.07,49.77,27.69,1.0,33.25,9.05,4.68,1.0,1.0,1.0,1.0,1.61,234,1.205128205,347.8,1.49
373,6,12189,489.42,210.43,202.92,73.02,147.53,1.0,1.0,53.14,30.36,79.72,124.06,1.0,26.43,9.78,1.0,1.0,1.0,7.35,1.0,1.0,1013,1.206317868,1536.3,1.52
381,6,2438,60.41,40.19,63.33,32.58,51.13,14.0,0.65,9.27,6.77,12.86,69.53,1.0,28.95,48.18,0.29,1.0,1.0,1.0,1.0,1.0,298,1.184563758,455.61,1.53
383,6,2473,149.68,69.51,56.4,123.26,58.73,15.0,10.8,20.95,22.19,17.25,67.41,1.0,25.5,87.66,2.47,1.0,1.0,1.0,1.0,1.0,774,1.240310078,804.05,1.04
390,6,12393,212.32,175.09,123.14,141.82,39.77,1.0,1.0,33.91,18.49,36.26,119.69,1.0,14.44,1.16,1.0,1.0,1.0,6.61,12.24,0.84,671,1.20119225,959.59,1.43
391,6,11555,95.63,35.44,133.77,66.77,56.67,1.0,5.05,54.98,20.41,30.92,15.39,3.63,99.59,49.12,22.09,2.0,25.0,4.01,1.0,1.52,536,1.218283582,767.01,1.43
401,6,4446,86.98,105.56,53.11,33.5,7.01,1.0,1.0,59.78,16.09,10.06,59.39,1.0,26.76,1.0,61.45,1.0,1.0,1.69,1.0,1.68,361,1.2271468140000001,561.56,1.56
402,6,10869,130.78,277.95,117.34,296.76,182.43,1.0,6.75,132.71,144.15,100.1,115.74,1.0,209.59,40.88,21.18,1.0,1.0,3.4,1.78,1.0,996,1.285140562,1803.61,1.81
405,6,12077,72.63,21.35,125.49,91.92,62.36,1.0,1.0,19.57,41.46,18.04,344.26,1.0,14.01,1.0,1.14,1.0,1.0,1.0,1.0,1.0,400,1.5325,862.85,2.16
410,6,283,222.77,114.38,35.62,48.62,37.07,9.0,7.35,44.77,3.49,12.23,196.24,1.0,279.32,8.47,9.0,1.0,1.0,11.18,1.0,1.0,731,1.132694938,1080.41,1.48
419,6,12055,181.44,86.75,36.82,148.97,93.01,1.0,1.0,24.51,25.48,94.72,209.25,9.1,44.57,54.33,1.0,1.0,1.0,2.96,47.16,2.72,592,1.339527027,1148.8,1.94
427,6,14,11.1,172.58,23.22,56.05,11.28,16.0,6.4,23.36,5.31,25.29,182.37,1.0,113.45,1.0,20.9,1.0,1.0,5.07,1.25,1.0,381,1.3937007869999998,675.72,1.77
432,6,9419,46.52,28.55,73.98,51.53,25.8,1.0,3.61,12.72,16.69,8.07,11.43,1.0,112.29,5.98,1.56,3.0,1.0,1.0,1.0,1.0,343,1.043731778,430.79,1.26
433,6,14556,21.09,173.14,24.31,108.16,45.14,1.0,7.65,1.0,10.95,53.34,26.27,1.0,364.81,1.0,1.38,1.0,1.0,5.7,1.0,16.42,457,1.439824945,875.72,1.92
436,6,9564,153.9,116.51,118.58,91.42,113.61,1.0,34.81,132.12,3.82,12.48,76.61,1.0,208.67,9.42,10.1,8.0,20.0,17.03,1.0,4.83,673,1.1471025259999998,1158.77,1.72
439,6,11061,52.5,33.56,36.6,46.92,43.44,1.0,12.22,13.53,13.86,19.52,28.17,1.0,14.6,14.57,0.56,1.0,1.0,32.86,1.0,0.84,293,1.085324232,381.29,1.3
441,6,13409,237.81,233.45,134.4,187.12,124.92,1.0,1.0,174.2,61.52,75.62,331.54,58.44,102.91,0.95,50.63,10.0,1.0,29.76,1.0,1.52,1017,1.256637168,1888.64,1.86
447,6,13804,214.44,117.44,107.48,145.12,292.21,1.0,1.0,26.44,54.17,18.78,70.4,1.0,82.2,81.37,0.93,1.0,1.0,1.0,26.9,6.36,761,1.132720105,1249.49,1.64
458,6,1604,96.34,89.82,94.28,34.46,203.13,13.0,9.66,33.54,57.8,37.62,28.6,1.0,17.26,52.4,4.94,1.0,7.0,5.22,1.0,1.95,490,1.244897959,808.88,1.65
459,6,13655,146.09,177.53,95.38,276.21,89.51,1.0,1.0,16.16,8.75,157.79,63.25,1.0,9.95,15.51,1.0,1.0,1.0,1.0,1.0,1.0,985,1.0670050759999998,1092.24,1.11
464,6,1780,134.52,118.88,165.09,118.1,217.52,5.0,3.2,63.65,105.74,55.09,266.73,1.0,89.36,0.79,27.7,1.0,20.0,6.41,1.0,1.0,955,1.388481675,1464.01,1.53
470,6,1903,122.1,90.42,46.21,47.38,80.44,42.0,21.1,22.03,14.68,2.16,74.84,1.0,36.83,9.16,2.86,1.0,1.0,18.62,1.0,0.84,414,1.222222222,625.88,1.51
476,6,1594,42.67,18.28,38.51,57.82,45.21,2.0,0.35,3.99,41.44,6.74,101.51,1.0,418.47,5.8,1.0,1.0,1.0,9.74,1.0,1.69,379,1.129287599,799.62,2.11
480,6,10188,105.42,105.54,72.25,76.52,145.31,1.0,13.79,60.11,10.21,10.73,77.88,1.0,50.7,7.2,14.37,1.0,30.0,13.24,1.0,1.0,593,1.1804384490000002,857.3,1.45
483,6,3210,142.33,120.54,21.9,162.16,99.85,1.0,15.7,75.18,31.77,31.34,110.64,1.0,136.71,16.69,2.85,1.0,1.0,1.0,3.89,1.0,728,1.17032967,979.21,1.35
489,6,5636,30.8,91.28,83.23,66.46,125.13,1.0,15.55,49.06,41.39,32.96,17.67,10.88,96.0,1.0,2.48,1.0,1.0,9.23,1.0,1.0,376,1.348404255,704.11,1.87
508,6,11288,327.29,141.49,56.68,162.07,67.64,1.0,10.02,103.56,3.01,30.27,150.06,1.0,13.22,85.71,9.45,4.0,1.0,1.0,1.0,3.4,885,1.143502825,1179.4,1.33
517,6,7823,210.54,301.58,313.17,260.29,245.31,1.0,69.68,145.23,101.23,134.07,245.34,1.0,38.5,7.96,22.19,1.0,10.0,9.12,1.0,8.9,1455,1.271477663,2221.03,1.53
518,6,912,69.87,37.45,15.29,51.52,86.97,8.0,4.79,53.61,11.04,74.24,57.59,1.0,54.78,37.28,2.87,1.0,1.0,16.03,1.0,1.0,311,1.337620579,592.45,1.9
519,6,3446,255.42,222.05,152.87,158.63,195.44,1.0,35.78,65.86,29.29,90.48,98.7,1.0,19.24,1.0,18.77,1.0,1.0,55.73,1.0,1.0,1327,1.138658628,1436.1,1.08
524,6,1937,78.79,77.74,28.11,31.21,99.02,27.0,1.2,53.14,7.05,14.65,26.9,1.0,102.17,1.0,1.19,1.0,1.0,3.05,1.0,17.01,344,1.23255814,550.59,1.6
528,6,8543,38.14,60.68,29.65,43.76,54.97,1.0,17.82,22.54,13.44,31.06,138.88,11.53,108.53,14.35,12.63,1.0,1.0,4.24,1.0,1.0,464,1.13362069,620.06,1.34
529,6,786,68.8,49.68,19.79,33.17,14.18,12.0,9.1,5.83,3.32,68.38,8.47,1.0,151.62,1.0,1.68,1.0,1.0,1.01,1.0,1.0,614,1.043973941,444.8,0.72
544,6,2660,271.12,260.04,96.81,109.41,317.79,10.0,8.6,114.03,3.04,119.69,53.42,1.0,8.5,2.45,8.67,1.0,1.0,23.13,1.0,1.92,912,1.10745614,1476.43,1.62
547,6,6012,30.02,48.87,60.91,44.2,76.96,1.0,12.55,31.56,3.87,7.6,33.05,3.59,40.94,1.0,5.96,5.0,5.0,4.1,1.0,1.0,525,1.12952381,454.92,0.87
554,6,9089,107.47,40.54,58.95,45.42,30.69,1.0,4.08,33.51,6.0,31.3,24.26,2.32,19.1,84.46,5.31,2.0,1.0,14.21,30.08,1.0,655,1.103816794,621.29,0.95
560,6,9078,165.96,61.45,226.72,141.02,135.88,1.0,1.55,64.18,40.17,68.1,153.88,3.85,35.37,16.14,33.44,3.0,1.0,8.51,21.21,0.84,823,1.189550425,1278.89,1.55
562,6,7705,123.71,69.16,55.13,152.16,94.09,1.0,1.7,47.66,22.44,72.83,122.07,1.0,22.04,9.92,1.98,1.0,1.0,1.69,1.0,1.0,487,1.149897331,810.6,1.66
570,6,7074,94.84,136.48,80.81,80.25,77.57,1.0,15.68,91.29,11.07,61.32,146.99,1.0,189.91,9.66,29.59,1.0,1.0,26.86,1.0,14.45,677,1.075332349,1077.22,1.59
573,6,15144,146.12,97.46,12.92,77.63,26.1,1.0,19.27,23.64,1.0,2.31,73.46,1.0,53.66,1.0,8.32,3.0,1.0,5.09,1.0,1.0,547,1.087751371,588.53,1.08
577,6,7064,53.07,56.85,171.76,22.92,49.98,1.0,34.87,143.63,139.66,133.14,39.09,1.0,12.75,4.56,15.33,1.0,1.0,3.38,1.0,1.0,691,1.164978292,931.77,1.35
579,6,7955,117.94,50.65,51.45,59.91,50.63,1.0,16.16,22.05,33.67,10.93,36.31,5.58,93.35,27.45,9.39,1.0,5.0,13.25,1.0,1.69,597,1.100502513,627.46,1.05
585,6,905,291.37,176.58,79.43,206.67,135.55,19.0,29.05,39.85,37.23,86.32,231.87,1.0,95.37,55.49,2.55,1.0,1.0,1.0,1.0,1.0,1053,1.1139601140000002,1535.3,1.46
607,6,7914,102.34,85.42,52.48,38.12,36.27,1.0,24.96,61.2,27.31,54.72,68.9,4.53,228.84,6.07,7.52,1.0,1.0,9.61,1.0,1.0,618,1.067961165,847.77,1.37
611,6,13618,251.65,109.57,128.74,112.69,65.18,1.0,1.0,122.86,39.47,94.55,52.82,1.0,63.36,39.82,25.1,1.0,1.0,2.53,1.0,1.0,783,1.219667944,1188.9,1.52
618,6,11297,302.01,175.75,113.02,202.53,248.06,1.0,58.05,131.81,80.49,78.47,229.57,1.0,91.57,25.08,16.82,1.0,1.0,7.03,1.0,5.5,1100,1.116363636,1846.0,1.68
620,6,14014,282.62,226.07,125.33,70.13,278.02,1.0,1.0,202.34,51.0,3.38,59.99,1.0,26.44,1.0,7.5,1.0,1.0,9.09,1.0,31.67,735,1.5537414969999999,1515.44,2.06
621,6,535,127.04,82.88,59.98,152.28,87.2,21.0,15.51,26.29,25.34,124.23,106.6,1.0,8.5,1.0,1.0,1.0,1.0,1.0,62.34,1.0,826,1.147699758,929.65,1.13
624,6,2568,103.39,45.23,30.29,36.72,30.17,35.0,90.73,5.08,5.19,3.27,16.07,1.0,21.27,68.01,3.27,1.0,1.0,1.0,1.0,1.0,434,1.131336406,512.52,1.18
628,6,2198,13.02,121.9,106.74,82.2,293.96,10.0,22.51,37.69,28.64,107.81,42.16,1.0,109.56,19.63,6.93,1.0,1.0,13.7,26.99,15.36,719,1.315716273,1073.85,1.49
642,6,12047,118.78,39.78,45.46,99.44,6.95,1.0,1.0,38.35,4.94,70.59,62.11,1.0,19.56,8.07,3.24,1.0,1.0,1.27,1.0,1.0,477,1.117400419,539.85,1.13
643,6,7576,154.14,57.63,61.34,122.9,62.55,1.0,1.4,25.87,15.53,33.48,56.4,1.0,48.86,26.49,45.88,1.0,20.0,2.57,1.0,5.11,548,1.142335766,769.11,1.4
667,6,5927,18.2,42.37,24.47,25.77,84.01,1.0,4.2,25.17,29.69,11.68,29.92,2.4,31.5,1.0,3.13,3.0,1.0,2.55,1.0,1.0,261,1.229885057,354.46,1.36
675,6,6471,102.6,136.33,56.28,91.49,62.09,1.0,1.45,16.54,19.96,33.25,61.75,2.17,7.56,34.82,1.0,1.0,1.0,13.49,52.4,1.0,657,1.130898021,709.61,1.08
685,6,2614,216.69,56.32,116.75,140.24,289.06,12.0,1.65,98.04,113.43,62.47,25.26,1.0,21.52,1.0,23.1,1.0,10.1,7.33,1.0,0.67,1122,1.1844919790000001,1224.53,1.09
687,6,7146,61.96,37.76,22.81,32.94,25.83,1.0,2.9,47.51,8.83,10.19,64.98,1.0,134.65,12.9,3.39,1.0,1.0,1.0,1.0,1.0,326,1.141104294,479.83,1.47
695,6,10635,18.36,44.14,26.78,22.64,16.86,1.0,15.63,34.51,65.18,24.84,63.29,1.0,267.57,1.0,1.0,72.0,1.0,3.46,1.0,1.0,317,1.252365931,709.87,2.24
697,6,2642,51.12,130.53,66.25,143.88,90.95,23.0,32.7,56.06,30.33,35.95,57.11,1.0,9.35,0.89,10.7,1.0,1.0,1.0,1.0,1.51,549,1.140255009,791.31,1.44
705,6,13166,88.34,170.95,48.87,120.86,45.81,1.0,1.0,6.91,4.3,85.31,122.56,7.39,131.99,1.0,1.0,1.0,1.0,2.55,1.0,3.82,560,1.491071429,924.89,1.65
709,6,13072,118.56,73.18,34.4,52.92,49.45,1.0,1.0,25.95,28.74,48.34,118.33,7.54,20.03,1.0,8.09,1.0,10.0,9.8,11.48,3.4,299,1.505016722,641.32,2.14
710,6,2225,87.11,172.38,164.56,150.81,478.55,31.0,4.49,131.58,79.56,320.59,50.92,1.0,8.83,28.32,18.79,1.0,1.0,5.95,1.0,24.62,931,1.357679914,1832.45,1.97
714,6,10985,9.89,47.14,39.32,23.12,35.1,1.0,0.75,20.51,14.61,30.75,5.97,0.61,165.2,36.29,4.55,1.0,1.0,5.78,1.0,1.95,336,1.169642857,457.77,1.36
724,6,8456,118.86,50.86,12.76,34.64,24.94,1.0,9.46,11.37,5.98,14.2,35.09,1.0,17.85,2.0,8.99,1.0,1.0,13.05,1.0,4.08,395,1.141772152,375.39,0.95
731,6,3458,339.91,163.06,402.5,252.31,279.94,1.0,23.87,109.27,129.09,181.12,125.06,1.0,6.36,7.21,18.33,12.0,1.0,1.69,1.0,11.89,1592,1.170226131,2107.22,1.32
733,6,8778,153.06,138.9,120.89,112.89,82.83,1.0,13.59,66.26,15.39,62.04,73.38,13.43,83.18,0.83,6.72,13.0,1.0,1.0,1.0,3.38,786,1.1755725190000001,1020.85,1.3
734,6,898,168.78,105.62,35.91,52.28,26.6,74.0,6.69,78.1,17.18,60.97,256.53,1.0,98.26,1.0,4.51,10.0,1.0,10.28,1.0,1.0,624,1.104166667,1007.53,1.61
736,6,1793,349.01,146.73,111.61,113.64,90.29,3.0,2.2,52.89,63.18,25.3,77.19,1.0,346.77,1.0,1.0,1.0,10.0,1.0,1.0,1.0,997,1.168505517,1452.63,1.46
739,6,9295,18.5,63.07,34.53,96.83,18.38,1.0,101.47,24.56,8.95,33.8,37.04,5.8,24.21,9.33,23.79,2.0,1.0,1.69,1.0,1.0,573,1.062827225,526.35,0.92
741,6,3152,37.0,2.42,260.85,80.73,104.98,1.0,5.68,234.24,22.99,145.74,88.68,1.0,162.73,1.0,0.89,1.0,1.0,0.84,1.0,3.4,407,2.503685504,1151.82,2.83
743,6,1764,10.98,21.83,27.86,32.44,21.27,17.0,11.7,30.26,13.04,12.51,24.96,1.0,112.32,1.0,4.01,1.0,1.0,5.78,1.0,3.4,222,1.094594595,338.71,1.53
745,6,1712,155.63,131.15,122.01,137.74,2.16,12.0,13.63,96.09,5.73,146.07,83.16,1.0,69.87,1.0,12.99,129.0,1.0,11.57,1.0,1.0,639,1.4960876369999998,1188.48,1.86
754,6,7372,99.29,97.1,44.78,69.88,20.08,1.0,7.4,41.26,19.61,42.28,24.43,1.0,35.29,2.1,25.9,1.0,1.0,4.4,1.0,1.0,424,1.143867925,581.24,1.37
757,6,1325,12.89,54.41,23.18,16.15,35.84,14.0,5.05,2.99,34.83,24.97,14.06,1.0,200.94,3.74,1.0,1.0,1.0,2.54,2.59,1.0,191,1.120418848,441.8,2.31
761,6,11323,158.17,164.78,113.74,140.58,118.39,1.0,27.09,67.33,74.3,52.09,203.8,1.0,4.08,6.2,17.52,1.0,35.0,6.8,1.0,1.27,962,1.201663202,1301.16,1.35
764,6,13723,77.08,121.78,75.57,95.56,92.53,1.0,1.0,3.05,33.49,67.32,1.0,3.51,81.69,1.0,40.1,2.0,1.0,1.69,1.0,3.04,714,1.193277311,735.07,1.03
767,6,6967,35.69,50.78,13.48,74.57,62.22,1.0,10.64,8.94,1.73,15.1,17.82,1.0,134.81,1.22,9.74,1.0,1.0,1.0,1.0,11.92,302,1.079470199,472.67,1.57
776,6,320,33.94,56.88,35.54,18.77,24.64,9.0,13.75,23.33,31.49,14.76,67.33,1.0,15.4,0.09,10.41,1.0,1.0,3.4,1.0,0.84,341,1.228739003,415.49,1.22
777,6,385,123.4,106.36,71.95,121.21,37.53,8.0,1.91,36.71,5.27,170.01,23.05,1.0,89.61,19.18,14.65,1.0,1.0,1.0,1.0,3.57,754,1.120689655,894.2,1.19
792,6,3568,27.89,139.53,59.67,48.46,106.73,1.0,0.6,61.17,16.17,18.25,47.46,1.0,44.62,1.0,12.38,1.0,1.0,1.0,1.0,1.0,457,1.2035010940000002,613.66,1.34
793,6,858,90.29,170.91,18.2,61.14,60.81,15.0,12.59,13.09,2.71,43.11,39.02,1.0,33.13,0.83,1.0,1.0,1.0,1.0,19.84,1.0,447,1.18344519,601.44,1.35
808,6,10594,167.52,162.09,107.39,86.73,27.4,1.0,31.04,57.5,22.33,46.34,68.03,1.0,23.31,12.15,20.99,1.0,1.0,2.47,1.0,1.0,751,1.183754993,885.61,1.18
810,6,8548,394.99,270.25,146.11,199.45,432.51,1.0,93.64,246.06,74.7,75.0,395.44,7.23,85.86,6.81,10.81,1.0,1.0,77.25,1.0,8.05,1198,1.392320534,2593.27,2.16
813,6,187,54.45,72.5,34.42,53.96,73.63,20.0,2.54,50.02,22.45,43.0,66.16,1.0,11.84,1.0,0.99,1.0,1.0,4.54,1.0,1.0,369,1.233062331,517.63,1.4
819,6,1999,110.76,70.49,144.86,87.23,163.86,15.0,15.69,3.58,29.19,69.5,48.86,1.0,146.41,38.24,18.74,1.0,1.0,11.44,1.0,1.51,870,1.310344828,1055.87,1.21
821,6,8759,106.13,49.4,20.28,67.64,90.53,1.0,30.55,16.67,12.81,37.74,47.46,2.98,273.46,4.78,9.52,10.0,1.0,4.79,1.0,1.0,418,1.110047847,804.2,1.92
827,6,7621,175.26,69.72,67.57,157.09,57.91,1.0,1.5,125.67,13.58,68.95,84.0,17.62,94.95,15.61,11.74,1.0,1.0,1.13,1.0,1.27,647,1.13755796,1020.41,1.58
850,6,10357,217.85,259.48,107.01,106.04,139.56,1.0,94.67,132.1,52.74,112.03,174.26,1.0,124.13,35.79,40.97,21.0,15.0,19.02,1.0,1.0,1128,1.3856382980000002,1842.45,1.63
852,6,11182,123.94,186.64,75.41,134.28,73.59,1.0,12.4,42.03,27.77,101.75,208.98,1.0,10.25,6.94,11.59,18.0,1.0,1.1,1.0,1.69,889,1.328458943,1142.53,1.29
863,6,8294,115.37,70.65,148.98,140.16,187.29,1.0,4.8,74.04,53.73,55.63,128.37,1.0,77.24,2.44,12.42,1.0,1.0,21.26,1.0,2.79,995,1.120603015,1130.42,1.14
866,6,11104,119.4,86.01,33.0,102.95,96.8,1.0,24.76,65.36,17.8,13.39,139.24,7.91,659.35,24.25,3.42,1.0,1.0,5.38,1.0,17.87,622,1.326366559,1423.26,2.29
870,6,5453,29.39,61.44,111.46,12.66,26.59,1.0,28.94,27.18,4.54,47.5,52.74,5.75,115.53,1.0,1.0,1.0,1.0,7.18,1.0,1.0,352,1.2585227270000001,560.3,1.59
871,6,7792,28.67,28.45,13.96,33.1,21.51,1.0,13.02,12.24,10.3,9.69,37.05,3.75,316.9,29.8,3.32,1.0,1.0,1.0,1.0,1.0,277,1.046931408,594.98,2.15
873,6,8836,74.13,51.47,26.6,50.38,49.62,1.0,80.47,5.6,8.51,14.4,37.41,1.0,53.48,47.61,5.2,5.5,1.0,1.0,1.0,1.0,443,1.033860045,535.01,1.21
879,6,11355,106.21,107.9,46.44,133.9,107.67,1.0,14.21,58.73,1.88,99.43,60.51,25.46,76.86,5.38,20.09,1.0,10.0,4.46,1.0,3.9,739,1.063599459,921.9,1.25
889,6,2883,154.36,54.4,37.05,89.01,171.94,24.0,21.02,26.12,14.3,43.93,69.77,1.0,172.93,1.0,2.48,2.0,1.0,2.71,1.0,1.61,729,1.541838134,902.97,1.24
896,6,404,94.43,109.8,134.8,136.19,210.59,1.0,19.37,194.41,19.27,155.74,117.55,1.0,45.23,19.98,29.91,1.0,1.0,2.67,1.0,39.37,869,1.253164557,1403.38,1.61
899,6,1923,113.67,129.55,95.44,124.09,57.23,34.0,12.88,157.4,30.33,95.05,55.92,1.0,89.47,177.97,10.94,1.0,100.0,1.0,1.0,1.0,961,1.112382934,1321.28,1.37
902,6,746,22.47,41.66,34.27,18.34,21.03,3.0,24.39,23.81,44.21,25.16,16.99,1.0,178.33,13.95,9.89,1.0,11.0,14.2,1.0,1.0,415,1.224096386,523.14,1.26
905,6,9904,68.99,68.2,80.38,120.87,72.32,1.0,1.0,32.68,33.0,81.93,128.58,1.0,10.39,15.35,2.38,1.0,1.0,11.91,1.0,1.0,691,1.125904486,767.41,1.11
918,6,191,26.5,53.9,75.06,24.49,27.18,12.0,0.66,50.29,27.05,47.86,65.49,1.0,46.71,1.0,1.0,1.0,1.0,1.0,1.0,1.0,321,1.1931464170000001,475.18,1.48
921,6,5242,117.13,79.13,45.61,98.44,115.09,1.0,13.73,36.07,7.78,42.13,43.69,2.52,41.81,1.0,0.99,1.0,1.0,1.69,1.0,1.0,457,1.266958425,653.86,1.43
937,6,2916,14.83,51.13,25.06,23.04,104.41,1.0,2.9,136.3,1.29,76.76,69.98,1.0,404.92,6.94,1.0,1.0,1.0,3.59,1.0,1.1,381,1.057742782,936.18,2.46
938,6,1008,411.45,251.29,195.56,337.83,240.64,31.0,67.94,73.04,48.86,97.92,231.27,1.0,179.24,38.81,14.72,1.0,1.0,1.0,1.0,2.67,1842,1.1422366990000001,2365.36,1.28
939,6,704,145.74,130.33,114.23,126.68,154.28,1.0,38.61,76.08,34.43,84.68,27.66,1.0,23.8,21.3,8.42,2.0,55.0,51.99,1.0,8.49,899,1.114571746,1203.0,1.34
950,6,1832,61.38,97.25,104.02,36.13,64.69,1.0,2.0,61.01,33.32,2.64,80.92,1.0,14.2,15.03,2.52,7.0,1.0,5.7,1.0,1.0,407,1.380835381,626.05,1.54
955,6,13727,120.41,98.29,30.23,110.68,67.12,1.0,1.0,44.8,39.24,38.1,149.99,1.0,461.85,1.0,3.27,1.0,1.0,1.0,1.0,1.95,529,1.1871455579999999,1212.26,2.29
956,6,5512,150.47,150.23,58.3,70.34,169.78,1.0,9.08,34.5,11.45,16.32,94.57,4.11,137.22,1.0,25.56,1.0,1.0,32.22,1.0,1.1,496,1.342741935,979.9,1.98
960,6,9027,103.75,53.63,104.13,144.2,84.41,1.0,10.19,31.16,40.23,17.48,105.94,1.0,17.5,1.0,2.38,4.0,1.0,9.14,1.0,5.01,646,1.094427245,768.9,1.19
963,6,2067,331.39,172.75,192.65,87.12,293.29,17.0,50.99,75.77,22.01,36.36,278.87,1.0,107.29,1.0,1.0,1.0,1.0,15.73,1.0,2.96,1357,1.037582903,2020.23,1.49
967,6,11334,25.86,126.38,161.84,56.35,105.17,1.0,9.04,16.83,48.32,102.66,11.0,2.13,9.77,38.56,4.36,1.0,1.0,6.75,1.0,4.82,772,1.312176166,822.47,1.07
970,6,10030,86.77,123.25,166.15,83.9,132.22,1.0,19.93,64.48,25.73,100.85,96.94,1.0,216.42,1.0,2.07,1.0,1.0,3.55,1.0,1.94,681,1.1674008809999998,1216.85,1.79
974,6,8287,93.24,90.65,17.91,53.44,155.25,1.0,0.9,1.04,15.33,35.15,18.87,1.0,216.04,2.92,26.16,1.0,1.0,1.0,1.0,1.0,553,1.182640145,745.38,1.35
985,6,11669,73.09,172.33,397.0,96.02,106.66,1.0,29.62,96.64,208.22,88.77,51.21,9.37,134.22,1.45,9.29,2.0,1.0,1.0,1.0,2.55,1200,1.281666667,1558.16,1.3
994,6,10714,123.56,78.44,30.24,41.35,54.18,1.0,1.0,105.64,118.87,79.5,132.39,1.0,281.01,1.0,17.27,10.0,1.0,3.22,1.0,1.0,620,1.230645161,1117.44,1.8
1003,6,2511,244.34,123.54,32.73,169.86,38.2,73.0,1.4,73.14,20.7,25.87,154.71,1.0,384.05,42.64,14.45,1.0,1.0,3.95,1.0,17.01,616,1.345779221,1396.94,2.27
1009,6,14257,70.9,177.34,129.25,41.26,30.22,1.0,1.0,87.09,19.57,77.65,142.15,1.0,42.04,11.19,16.39,1.0,1.0,1.0,1.0,1.0,630,1.204761905,898.35,1.43
1017,6,1762,25.48,116.87,98.05,32.28,32.41,110.0,6.76,20.7,11.57,51.23,10.89,1.0,53.65,1.0,1.78,2.0,1.0,5.0,1.0,3.4,294,1.2721088440000001,521.68,1.77
1035,6,2897,40.83,140.19,91.66,50.97,64.97,3.0,27.27,16.96,111.17,52.22,92.22,1.0,16.66,70.6,6.0,30.0,10.0,12.38,1.0,3.39,948,1.270042194,914.11,0.96
1036,6,2131,412.14,208.96,48.93,188.65,141.59,9.0,8.15,12.36,7.52,45.69,112.61,1.0,216.04,187.79,41.92,1.0,1.0,2.11,1.0,1.0,953,1.18363064,1652.12,1.73
1038,6,8331,220.91,182.35,103.45,197.94,139.62,1.0,48.8,75.18,65.24,62.04,216.53,11.88,28.31,85.42,2.05,1.0,1.0,18.53,1.0,8.66,1316,1.1892097259999999,1592.26,1.21
1042,6,10426,85.12,66.25,74.3,83.59,157.89,1.0,17.93,21.97,6.15,101.65,16.58,1.0,128.29,0.2,13.01,1.0,1.0,9.97,1.0,9.16,525,1.140952381,823.64,1.57
1043,6,9126,102.72,50.64,19.2,37.34,11.78,1.0,70.68,56.54,5.36,64.82,64.53,4.76,102.38,1.3,2.86,3.0,1.0,7.23,1.0,1.0,512,1.189453125,633.01,1.24
1044,6,12946,122.44,73.23,22.22,136.36,43.54,1.0,1.0,23.54,18.41,78.61,83.86,3.97,451.99,14.75,2.66,32.0,1.0,1.0,6.91,1.0,655,1.138931298,1145.1,1.75
1059,6,10427,134.39,73.45,90.04,111.41,114.61,1.0,12.63,17.83,13.37,6.03,271.71,1.0,78.17,53.83,33.48,6.0,10.0,11.08,1.0,1.0,731,1.264021888,1079.55,1.48
1062,6,10697,91.13,149.31,108.64,170.08,122.09,1.0,1.3,65.76,34.31,71.74,71.12,1.0,24.8,17.77,4.42,1.0,1.0,0.84,1.0,1.0,734,1.295640327,990.47,1.35
1071,6,724,78.31,74.99,91.27,22.35,33.91,7.0,23.66,95.38,6.82,30.44,59.52,1.0,14.87,1.0,27.74,1.0,1.0,6.25,1.0,1.0,515,1.2,588.34,1.14
1073,6,3149,142.26,98.2,45.25,69.65,51.62,1.0,1.6,42.4,0.88,23.19,37.01,1.0,26.2,1.0,9.54,1.0,1.0,7.36,1.0,3.84,526,1.22243346,595.72,1.13
1083,6,7138,148.05,82.92,34.91,85.44,145.01,1.0,12.78,35.91,17.49,8.33,77.2,1.0,10.62,13.42,3.57,1.0,1.0,2.55,1.0,3.4,466,1.1437768240000001,705.07,1.51
1091,6,1071,49.83,28.53,19.63,16.88,18.35,21.0,2.2,16.45,12.35,10.83,27.82,1.0,53.6,21.81,17.8,1.0,1.0,52.52,1.0,1.0,300,1.17,358.14,1.19
1102,6,12545,171.05,75.52,48.2,40.49,82.28,1.0,1.0,115.96,1.0,43.79,48.21,19.72,846.08,1.0,13.95,1.0,1.0,1.18,1.0,1.0,677,1.2215657309999999,1558.85,2.3
1117,6,11710,45.92,58.42,48.77,32.37,15.19,1.0,1.5,36.46,7.14,14.54,22.54,4.95,39.36,7.86,4.45,1.0,1.0,3.43,1.0,1.95,297,1.313131313,377.66,1.27
1124,6,14671,89.6,127.35,98.2,75.35,104.07,1.0,63.85,1.0,0.33,23.75,227.22,1.0,190.56,16.01,1.89,1.0,1.0,4.49,1.0,16.73,751,1.079893475,1062.25,1.41
1126,6,12346,222.36,199.38,88.08,23.95,231.32,1.0,1.0,45.2,12.52,33.15,88.63,1.0,36.84,1.0,3.71,1.0,1.0,1.0,1.0,1.0,463,1.365010799,997.04,2.15
1128,6,2832,52.8,65.53,106.36,128.98,51.27,15.0,14.25,38.12,45.45,29.43,69.15,1.0,233.86,1.53,8.46,1.0,1.0,6.4,1.0,1.0,494,1.3421052629999999,904.49,1.83
1132,6,5831,116.35,47.79,27.6,130.24,23.21,1.0,2.23,85.99,15.83,32.59,197.06,18.02,66.26,1.0,9.4,1.0,1.0,6.41,1.0,1.69,551,1.137931034,812.13,1.47
1140,6,8387,51.9,41.57,9.31,106.32,112.24,1.0,6.82,3.47,2.2,31.3,105.36,1.0,306.23,49.81,8.06,1.0,1.0,2.07,1.0,1.0,771,1.0505836579999999,860.2,1.12
1142,6,15142,99.29,59.0,38.17,47.06,9.41,1.0,31.29,56.62,1.0,31.93,37.63,1.0,80.32,104.29,1.0,1.0,1.0,1.0,1.0,1.0,542,1.068265683,615.9,1.14
1146,6,281,101.75,241.28,178.22,78.03,157.77,12.0,60.03,54.08,73.4,90.47,0.5,1.0,88.83,0.89,43.19,1.0,1.0,8.5,1.0,3.31,1121,1.124888492,1282.69,1.14
1148,6,910,24.56,95.91,122.32,25.94,43.51,30.0,27.8,55.96,48.15,18.88,11.45,1.0,31.73,55.91,21.05,74.0,1.0,1.0,1.0,1.0,565,1.157522124,711.94,1.26
1155,6,2014,74.56,101.29,25.91,115.35,24.35,19.0,22.8,15.09,5.05,16.85,28.34,1.0,47.76,15.95,0.79,1.0,1.0,4.42,1.0,1.0,346,1.086705202,514.23,1.49
1162,6,10163,61.37,72.29,114.39,35.99,64.57,1.0,11.84,71.8,12.18,53.58,56.41,1.0,52.3,3.3,7.63,1.0,1.0,4.24,1.0,1.0,433,1.168591224,653.57,1.51
1169,6,1514,43.69,177.59,131.53,83.55,138.07,40.0,4.53,131.95,81.54,61.35,88.49,1.0,35.3,8.97,37.71,1.0,1.0,3.98,1.0,1.0,803,1.403486924,1097.96,1.37
1172,6,14951,100.91,102.14,107.53,79.02,46.27,1.0,7.93,44.0,1.0,100.49,21.51,1.0,24.63,5.02,1.98,1.0,1.0,1.0,1.0,1.0,517,1.164410058,719.15,1.39
1175,6,276,43.61,125.36,56.21,29.42,38.41,14.0,4.25,69.76,20.6,29.39,82.69,1.0,111.99,1.4,1.95,1.0,1.0,2.29,1.0,3.4,425,1.190588235,667.79,1.57
1197,6,12635,45.01,52.02,27.3,18.64,34.3,1.0,1.0,39.28,44.28,67.41,211.01,4.57,195.69,18.46,1.0,4.0,1.0,2.28,1.0,1.0,347,1.351585014,770.97,2.22
1199,6,655,153.0,152.06,41.81,70.18,115.52,22.0,15.3,63.55,28.6,16.95,75.84,1.0,44.73,13.95,7.31,1.0,10.0,20.12,1.0,1.68,658,1.083586626,857.38,1.3
1201,6,1129,85.1,93.02,44.97,107.45,125.57,12.0,18.85,65.18,22.4,29.6,83.28,1.0,91.03,4.18,13.88,22.0,1.0,23.83,1.0,30.57,502,1.207171315,877.87,1.75
1205,6,2066,77.45,51.35,81.92,33.2,156.74,10.0,70.48,71.0,40.62,56.66,166.97,1.0,25.32,31.9,4.89,1.0,10.0,15.08,1.0,8.05,974,1.185831622,980.71,1.01
1220,6,9392,34.74,65.43,21.15,21.2,26.76,1.0,13.53,23.61,14.36,11.69,26.89,1.0,239.37,8.6,1.19,11.0,1.0,1.0,1.0,1.0,308,1.1461038959999998,534.23,1.73
1221,6,7587,279.1,335.81,109.38,228.46,207.53,1.0,15.57,133.24,14.51,22.34,195.34,3.8,35.13,5.51,28.01,1.0,1.0,1.69,1.0,2.53,1175,1.179574468,1660.82,1.41
1225,6,8539,23.16,29.31,75.72,54.57,103.21,1.0,0.22,15.51,36.06,62.11,245.43,1.0,83.79,5.75,0.94,1.0,1.0,3.26,1.0,1.0,383,1.3237597909999999,744.4,1.94
1234,6,8459,84.08,75.85,21.93,61.07,47.96,1.0,24.8,60.29,10.95,66.39,66.39,1.0,158.52,4.84,32.19,1.0,1.0,1.0,1.0,1.0,526,1.102661597,775.01,1.47
1236,6,7329,342.9,196.63,128.01,106.8,182.17,1.0,40.02,53.58,18.12,20.42,120.69,1.0,59.48,6.77,1.44,1.0,1.0,14.4,1.0,4.16,722,1.1925207759999998,1320.63,1.83
1238,6,1019,152.08,58.37,79.05,116.26,62.78,17.0,28.98,68.65,21.37,12.91,112.9,1.0,444.61,63.08,2.18,1.0,140.0,4.65,1.0,3.4,688,1.0726744190000002,1407.43,2.05
1242,6,9586,41.69,83.95,79.72,73.68,42.31,1.0,19.38,15.71,20.19,41.46,117.34,2.85,26.38,4.89,9.2,60.0,5.0,1.0,1.0,1.0,565,1.246017699,709.25,1.26
1245,6,10706,107.32,178.43,166.45,152.44,146.03,1.0,8.38,106.76,53.27,96.16,184.47,1.0,13.46,17.76,22.36,1.0,70.0,6.77,1.0,1.0,1129,1.218777679,1425.28,1.26
1247,6,3170,97.04,29.41,28.12,10.31,10.72,1.0,3.61,15.42,44.52,26.5,38.12,1.0,136.31,1.0,19.0,1.0,1.0,1.0,1.0,1.69,307,1.136807818,470.41,1.53
1252,6,13637,54.88,69.46,39.05,57.94,60.8,1.0,1.0,7.58,35.07,23.86,61.95,1.0,111.59,1.0,0.56,1.0,1.0,8.5,6.57,1.0,412,1.1310679609999998,563.07,1.37
1253,6,342,54.09,74.33,21.2,24.79,15.81,3.0,6.65,43.4,35.22,47.84,46.57,1.0,22.97,3.92,1.0,26.0,1.0,1.0,1.0,1.0,345,1.226086957,461.5,1.34
1257,6,119,182.11,204.1,57.26,30.28,125.11,6.0,16.67,6.97,7.25,52.8,99.48,1.0,10.38,14.24,1.0,1.0,1.0,3.01,1.0,2.98,653,1.245022971,855.23,1.31
1260,6,752,67.98,83.39,36.82,132.39,53.2,12.0,54.81,22.49,41.22,21.94,21.39,1.0,34.43,2.69,33.28,27.5,1.0,1.02,1.0,1.61,773,1.183699871,680.61,0.88
1263,6,2559,164.22,83.99,11.19,99.33,77.9,11.0,8.8,131.35,11.32,25.57,106.34,1.0,166.74,15.75,2.14,1.0,20.0,1.23,1.0,6.8,529,1.13610586,977.11,1.85
1266,6,12031,23.66,51.09,28.04,39.46,123.72,1.0,1.0,25.88,9.19,22.12,60.73,4.6,17.08,1.0,0.89,1.0,1.0,5.21,2.16,4.14,299,1.180602007,451.03,1.51
1268,6,11187,50.84,71.93,133.44,38.32,34.09,1.0,9.79,86.04,80.44,66.29,46.62,1.0,22.83,21.01,30.99,1.0,1.0,1.7,1.0,3.39,515,1.2019417479999999,731.91,1.42
1277,6,945,25.64,32.21,25.79,35.02,19.74,34.0,11.1,39.21,18.26,13.24,20.43,1.0,69.14,1.0,5.0,1.0,1.0,0.84,1.0,0.84,180,1.316666667,328.02,1.82
1283,6,12705,152.85,95.68,44.59,107.75,174.66,1.0,1.0,44.34,3.08,92.88,54.31,1.0,240.16,14.13,21.46,1.0,1.0,1.0,1.0,1.0,726,1.2465564740000001,1078.31,1.49
1287,6,11114,171.62,213.78,139.78,335.74,219.25,1.0,1.83,290.96,73.84,62.24,345.15,1.0,115.45,4.36,40.86,4.0,1.0,38.82,1.0,23.78,1271,1.4209284030000002,2272.9,1.79
1288,6,14132,360.45,115.83,92.62,180.31,208.32,1.0,1.0,23.1,40.08,38.92,151.02,1.0,59.2,41.83,7.16,10.0,5.0,1.0,1.0,3.4,1085,1.059907834,1378.47,1.27
1296,6,5950,146.01,150.57,43.93,117.98,54.32,1.0,7.2,52.15,12.28,8.41,103.31,9.93,69.61,1.0,3.16,1.0,1.0,2.96,1.0,7.11,569,1.165202109,819.36,1.44
1298,6,10590,239.48,93.61,46.02,49.48,54.72,1.0,57.25,93.29,1.19,25.56,237.99,1.0,74.88,1.0,3.39,1.0,1.0,5.93,1.0,1.0,601,1.1913477540000001,989.78,1.65
1304,6,12657,61.82,51.43,31.53,55.99,38.82,1.0,1.0,5.24,8.11,28.07,68.18,1.0,30.59,1.0,5.89,1.0,1.0,27.16,1.0,1.1,298,1.201342282,439.4,1.47
1320,6,5878,140.02,83.51,178.63,106.12,32.83,1.0,26.7,34.7,45.1,14.83,50.32,2.04,10.6,1.0,10.22,8.0,1.0,1.0,1.0,1.0,760,1.223684211,773.46,1.02
1338,6,12110,35.75,34.06,42.87,62.88,43.44,1.0,1.0,23.1,23.77,63.02,50.15,1.0,37.04,3.99,0.99,1.0,1.0,16.0,26.59,0.84,333,1.138138138,501.81,1.51
1340,6,9378,144.0,95.82,33.33,56.29,144.91,1.0,0.9,1.63,26.53,9.9,168.09,1.0,664.06,1.0,0.9,2.0,1.0,2.36,1.0,1.0,620,1.283870968,1357.4,2.19
1341,6,212,43.65,39.89,36.38,23.95,30.8,7.0,44.82,15.0,3.01,28.65,15.51,1.0,30.17,38.52,6.45,1.0,1.0,6.83,39.37,1.0,420,1.135714286,419.77,1.0
1344,6,1168,145.26,170.49,73.8,174.18,77.23,3.0,9.0,40.22,16.66,58.69,67.16,1.0,28.05,42.25,17.44,1.0,1.0,10.14,1.0,1.0,668,1.209580838,982.61,1.47
1346,6,13935,40.6,39.07,17.16,87.0,34.39,1.0,1.0,5.34,3.38,65.63,18.08,1.0,68.57,32.53,0.89,1.0,1.0,17.59,1.0,1.0,229,1.174672489,444.97,1.94
1351,6,11087,131.47,86.42,34.98,41.07,22.83,1.0,0.6,16.29,28.0,10.5,37.62,1.0,195.82,4.2,3.27,1.0,25.0,7.38,1.0,2.76,535,1.158878505,726.31,1.36
1360,6,11194,271.74,274.55,273.35,206.69,284.69,1.0,19.77,78.68,74.76,222.21,1.49,1.0,60.86,1.0,8.76,1.0,1.0,2.37,1.0,4.26,1368,1.248538012,1906.69,1.39
1363,6,6497,223.53,270.91,529.59,258.13,151.7,1.0,1.0,59.58,157.96,73.44,351.27,1.0,4.8,5.49,1.0,1.0,1.0,9.57,27.08,9.0,2053,1.376035071,2195.36,1.07
1365,6,2466,39.11,62.09,21.14,87.95,208.98,14.0,2.99,37.17,35.88,23.94,26.88,1.0,28.22,37.12,5.94,1.0,1.0,1.0,1.0,1.06,439,1.061503417,656.2,1.49
1366,6,2837,64.74,119.17,52.71,61.86,10.46,17.0,6.27,78.69,25.55,32.12,85.32,1.0,22.52,11.57,25.4,21.0,1.0,2.85,1.0,1.0,620,1.379032258,660.16,1.06
1378,6,2192,38.2,114.68,90.56,55.67,30.97,19.0,14.74,89.7,19.68,58.79,60.61,1.0,203.93,12.36,1.0,1.0,1.0,16.46,1.0,1.0,493,1.200811359,849.22,1.72
1386,6,7385,241.07,197.72,208.48,308.94,279.6,1.0,9.87,199.67,80.64,103.62,175.28,45.65,79.06,1.38,12.45,1.0,1.0,10.88,1.0,0.84,1433,1.11653873,1982.45,1.38
1388,6,8647,30.43,81.61,31.53,36.62,39.3,1.0,4.35,14.54,77.99,16.24,59.37,1.0,78.99,39.13,1.58,4.0,1.0,1.27,1.0,1.27,251,1.342629482,530.07,2.11
1389,6,16154,28.77,63.63,40.85,25.95,40.32,1.0,34.85,31.15,22.46,26.38,1.0,1.0,76.09,5.5,3.07,25.0,1.0,14.54,1.0,5.08,365,1.134246575,478.34,1.31
1391,6,2671,116.12,206.1,153.0,122.71,168.51,17.0,24.08,90.87,59.24,72.69,189.07,1.0,4.38,87.96,2.38,1.0,1.0,1.15,1.0,4.66,1089,1.143250689,1385.68,1.27
1394,6,7644,94.51,21.52,31.91,13.58,37.14,1.0,38.66,69.61,18.01,42.16,51.27,9.19,21.43,41.09,2.45,1.0,1.0,1.0,85.19,13.28,548,1.1587591240000001,597.81,1.09
1395,6,12598,79.54,53.78,114.16,76.43,67.81,1.0,1.0,15.39,16.4,54.15,36.4,1.0,74.5,1.0,5.74,1.0,1.0,1.0,1.0,1.0,467,1.173447537,620.03,1.33
1402,6,13913,124.69,115.58,119.93,193.65,156.11,1.0,1.0,57.7,90.41,30.87,74.14,1.0,7.13,1.0,1.19,1.0,1.0,42.29,1.0,1.0,773,1.283311772,1096.33,1.42
1403,6,13266,272.2,163.74,106.53,140.12,91.52,1.0,1.0,6.74,8.0,47.22,112.33,1.0,47.2,63.83,1.0,1.0,1.0,1.0,1.0,1.92,788,1.19035533,1099.13,1.39
1405,6,7257,41.39,14.12,25.52,26.69,29.88,1.0,6.21,19.35,12.8,40.73,83.54,1.0,21.48,1.0,16.67,1.0,1.0,1.0,1.0,1.52,223,1.260089686,358.53,1.61
1409,6,8564,126.89,116.07,64.77,66.19,48.7,1.0,6.14,33.8,32.38,102.47,98.56,21.97,108.19,48.31,4.84,1.0,1.0,14.94,1.0,1.0,614,1.1791530940000001,958.35,1.56
1416,6,11633,79.46,63.48,61.87,49.78,109.6,1.0,0.75,55.79,15.75,47.85,26.66,1.0,51.24,2.5,2.28,1.0,1.0,3.56,1.0,0.84,346,1.208092486,592.76,1.71
1418,6,1330,387.48,158.53,228.49,176.92,178.31,5.0,38.73,111.3,110.34,4.18,55.24,1.0,298.99,1.0,5.59,1.0,1.0,19.16,1.0,2.96,1331,1.283996995,1855.28,1.39
1426,6,7433,72.44,57.56,48.98,66.06,36.45,1.0,6.3,7.39,14.94,67.11,32.18,1.0,77.24,15.49,1.49,1.0,1.0,5.68,6.49,1.0,355,1.245070423,567.57,1.6
1429,6,1800,101.63,114.16,42.98,63.26,55.5,6.0,24.73,42.25,4.92,49.56,44.68,1.0,17.01,17.91,3.47,1.0,1.0,1.0,1.0,1.95,518,1.0463320459999998,631.52,1.22
1431,6,426,44.54,103.62,80.35,108.18,63.63,39.0,6.36,36.76,45.58,88.68,37.07,1.0,32.27,1.0,0.99,1.0,1.0,8.12,1.0,3.4,520,1.228846154,741.36,1.43
1436,6,1989,124.98,130.28,65.95,42.0,124.32,39.0,6.46,82.7,37.38,53.91,151.38,1.0,23.67,1.0,34.31,1.0,1.0,5.06,1.0,1.0,621,1.146537842,913.36,1.47
1447,6,11265,67.57,174.02,125.55,52.53,141.38,1.0,25.74,22.42,66.38,62.48,75.72,1.0,26.37,1.7,3.47,1.0,1.0,16.65,1.0,2.12,642,1.230529595,886.35,1.38
1459,6,9076,187.66,226.0,158.72,108.84,130.45,1.0,69.14,30.58,110.58,140.5,25.71,5.73,60.94,67.61,69.58,8.0,1.0,9.35,1.0,3.2,1447,1.175535591,1484.39,1.03
1460,6,5175,110.5,89.11,48.83,69.95,41.1,1.0,31.8,15.84,2.29,76.39,122.82,0.82,120.66,1.0,2.57,30.0,10.0,1.0,1.0,3.4,558,1.019713262,795.89,1.43
1462,6,2063,364.1,119.29,134.12,216.27,118.23,44.0,0.92,67.47,41.21,56.91,143.39,1.0,73.59,1.0,19.82,1.0,1.0,3.4,1.0,2.55,1277,1.078308536,1434.66,1.12
1463,6,13031,30.79,24.13,42.76,37.31,23.26,1.0,1.0,20.22,17.16,12.91,58.07,1.0,136.72,5.72,2.67,1.0,1.0,30.38,1.0,1.0,205,1.287804878,465.9,2.27
1468,6,2834,164.27,189.4,170.86,226.29,216.69,13.0,0.5,98.26,36.03,184.62,112.95,1.0,39.76,1.0,3.59,1.0,1.0,11.7,1.0,1.0,1093,1.105215005,1498.38,1.37
1471,6,9264,110.5,228.43,217.54,169.01,296.29,1.0,22.88,31.33,130.78,146.69,7.97,1.0,24.19,6.43,10.97,1.0,1.0,3.39,1.0,0.84,1058,1.2003780720000001,1478.97,1.4
1475,6,9949,269.63,191.79,62.13,126.72,115.9,1.0,17.25,26.22,7.07,24.06,22.16,1.0,22.38,1.0,8.68,1.0,1.0,30.61,1.0,8.92,538,1.5929368030000002,1005.85,1.87
1493,6,10176,439.55,292.96,215.18,175.68,189.35,1.0,74.67,154.62,92.07,71.83,225.88,1.0,56.16,24.62,8.97,1.0,1.0,17.82,1.0,3.04,1612,1.165632754,2213.22,1.37
1512,6,156,95.88,93.66,29.13,121.68,70.44,43.0,35.28,17.27,17.13,123.81,25.43,1.0,178.86,18.65,2.03,1.0,1.0,12.24,1.0,25.77,762,1.059055118,967.75,1.27
1514,6,7944,68.91,119.55,59.18,27.16,53.78,1.0,0.7,15.16,17.92,88.11,65.9,6.54,23.26,13.52,5.65,1.0,1.0,1.0,1.0,3.99,586,1.0375426620000001,639.93,1.09
1521,6,1018,316.87,130.99,73.01,117.72,64.38,21.0,31.84,48.27,9.01,46.71,32.21,1.0,8.5,21.78,3.55,1.0,10.0,3.59,1.0,1.52,819,1.1758241759999999,970.06,1.18
1533,6,1340,42.56,19.37,41.14,33.39,28.42,3.0,3.15,6.2,11.88,70.74,63.64,1.0,112.58,1.0,18.43,1.0,1.0,1.0,1.0,1.0,335,1.194029851,479.05,1.43
1542,6,1911,86.57,88.47,41.8,84.06,91.37,3.0,3.61,44.69,90.04,39.22,82.97,1.0,18.63,2.32,7.62,1.0,1.0,1.99,1.0,1.0,568,1.154929577,718.45,1.26
1556,6,538,74.03,54.45,17.25,77.41,46.96,8.0,1.92,32.7,3.76,28.67,40.6,1.0,18.36,1.0,22.97,1.0,1.0,5.48,1.0,5.56,368,1.298913043,451.55,1.23
1558,6,3213,98.04,90.98,109.15,60.92,130.83,1.0,53.55,115.28,57.17,36.51,49.89,1.0,181.49,3.3,0.99,1.0,1.0,1.0,1.0,5.09,641,1.101404056,1015.64,1.58
1573,6,11401,332.41,291.44,77.49,47.93,57.54,1.0,78.42,252.29,9.16,17.87,154.31,1.0,30.14,14.48,33.95,11.0,1.0,20.39,1.0,4.89,1300,1.434615385,1878.08,1.44
1580,6,2277,51.14,168.66,93.51,61.71,110.7,6.0,45.09,41.88,15.17,56.35,34.45,1.0,24.02,102.55,3.98,1.0,10.0,5.09,1.0,14.83,753,1.123505976,894.74,1.19
1582,6,232,95.75,108.97,141.51,107.04,115.88,35.0,7.13,56.27,45.28,94.56,173.81,1.0,8.5,3.8,18.94,28.0,1.0,6.85,1.0,1.0,744,1.333333333,1045.33,1.41
1584,6,15249,120.66,171.64,173.2,139.07,163.7,1.0,114.58,104.74,1.0,65.43,103.59,7.12,27.88,64.95,45.53,1.0,1.0,2.85,1.0,5.09,1238,1.100969305,1439.05,1.16
1599,6,12530,118.45,70.8,77.75,129.83,106.45,1.0,1.0,44.06,50.86,56.9,124.06,1.0,38.46,38.19,12.97,1.0,1.0,10.73,6.58,6.8,629,1.1208267090000001,928.01,1.48
1602,6,10310,63.11,61.42,59.56,43.23,24.53,1.0,61.79,17.02,4.06,19.51,26.57,1.0,28.92,7.13,38.38,1.0,1.0,5.66,1.0,13.42,475,1.101052632,506.62,1.07
1607,6,2083,168.62,122.5,93.16,95.75,54.36,12.0,9.53,4.07,6.14,59.08,8.46,1.0,232.22,36.21,68.46,2.0,1.0,5.41,1.0,1.0,866,1.173210162,991.55,1.14
1611,6,7414,221.87,88.16,88.75,82.8,63.31,1.0,2.76,55.35,13.44,21.88,67.24,4.57,104.08,6.37,10.41,1.0,40.0,1.0,1.0,2.12,574,1.151567944,906.24,1.58
1613,6,2111,371.07,300.0,60.38,266.53,184.16,6.0,0.7,153.33,13.37,158.56,309.96,1.0,22.2,2.15,1.0,1.0,1.0,4.5,1.0,1.0,1329,1.322799097,2057.73,1.55
1619,6,6620,68.96,42.93,23.04,61.26,62.6,1.0,14.9,63.32,2.79,60.34,53.76,6.38,42.52,4.65,1.0,1.0,1.0,5.55,1.0,1.0,417,1.086330935,524.24,1.26
1622,6,1588,57.77,182.54,153.05,243.57,47.68,19.0,22.41,172.54,36.46,146.0,114.1,1.0,6.8,29.56,37.58,1.0,1.0,3.4,1.0,4.63,1139,1.201053556,1366.6,1.2
1645,6,6032,182.05,114.11,118.46,204.95,127.23,1.0,0.9,77.76,92.05,60.2,96.29,7.78,162.11,1.0,7.79,1.0,1.0,2.53,1.0,1.0,823,1.208991495,1337.37,1.62
1648,6,1118,88.25,112.42,21.07,81.66,122.23,23.0,0.7,32.63,6.08,33.21,50.19,1.0,140.26,8.66,2.01,1.0,1.0,5.7,1.0,1.0,621,1.08373591,767.9,1.24
1658,6,8142,333.65,190.71,97.01,145.17,94.87,1.0,4.3,61.52,24.4,76.16,316.2,2.41,508.41,6.4,14.64,1.0,10.0,1.68,1.0,17.97,1260,1.0992063490000001,1972.28,1.57
1660,6,3447,147.87,75.78,77.72,79.94,106.8,1.0,34.36,17.85,6.35,61.4,31.26,1.0,21.26,79.46,17.35,6.0,1.0,1.01,1.0,5.85,661,1.090771558,820.66,1.24
1662,6,1595,176.16,51.33,59.32,66.26,31.36,27.0,4.05,14.43,18.8,26.29,90.05,1.0,191.36,9.74,1.0,4.0,1.0,4.66,1.0,1.06,422,1.172985782,765.7,1.81
1663,6,2024,79.9,46.61,24.94,66.28,52.53,11.0,17.59,91.38,8.07,9.59,90.48,1.0,8.5,106.35,5.16,1.0,1.0,22.37,4.53,1.0,604,1.157284768,648.29,1.07
1667,6,1721,63.91,78.9,28.54,68.98,84.33,29.0,8.96,52.44,14.1,38.63,78.24,1.0,20.39,1.2,0.99,1.0,1.0,1.0,1.0,1.27,455,1.167032967,579.98,1.27
1669,6,136,128.11,83.87,103.35,58.14,76.64,8.0,12.37,51.46,25.96,18.37,58.75,1.0,29.19,16.03,1.79,1.0,1.0,7.11,8.33,7.63,533,1.174484053,729.55,1.37
1675,6,1250,65.21,38.79,7.27,23.45,14.33,14.0,14.6,19.43,2.34,10.84,74.32,1.0,64.63,1.0,29.23,1.0,1.0,3.36,1.0,1.0,268,1.212686567,384.13,1.43
1679,6,12816,88.54,63.73,47.04,92.83,57.37,1.0,1.0,58.19,9.53,35.8,76.44,1.0,66.44,1.0,9.12,1.0,10.0,1.49,1.0,1.0,426,1.100938967,647.56,1.52
1684,6,9526,20.61,90.63,65.52,62.45,27.92,1.0,58.96,58.41,26.57,35.57,119.11,1.0,102.86,23.49,7.76,8.0,30.0,1.0,1.0,1.94,551,1.210526316,780.8,1.42
1685,6,8584,115.58,159.6,173.59,196.63,77.83,1.0,0.65,197.51,66.09,113.4,135.16,71.48,125.41,5.08,7.05,1.0,1.0,16.36,1.0,10.85,949,1.2381454159999998,1541.14,1.62
1692,6,9856,37.3,85.38,99.54,22.87,18.19,1.0,66.24,4.76,29.21,25.7,6.77,1.0,16.9,10.07,4.75,15.0,1.0,2.72,1.0,1.0,448,1.245535714,480.03,1.07
1695,6,11298,53.44,64.87,44.09,11.96,19.12,1.0,11.68,40.49,10.2,41.27,51.95,1.0,19.25,5.85,5.67,1.0,1.0,7.04,1.0,4.26,360,1.244444444,429.59,1.19
1704,6,133,24.79,38.96,49.51,30.94,21.69,56.0,45.23,59.42,4.74,29.58,74.54,1.0,106.38,55.22,1.0,105.0,1.0,2.84,2.27,11.88,355,1.2422535209999999,700.34,1.97
1715,6,3230,154.15,84.74,123.35,224.11,135.55,1.0,2.3,78.93,35.92,170.98,118.19,1.0,415.34,1.0,11.07,1.0,1.0,60.46,1.0,10.02,900,1.2933333329999999,1659.42,1.84
1724,6,153,90.53,56.56,31.84,125.34,26.39,28.0,1.1,50.84,29.6,25.71,97.66,1.0,172.57,10.5,4.62,1.0,1.0,1.49,1.0,3.37,453,1.163355408,745.69,1.65
1728,6,12537,28.01,107.19,50.03,89.11,53.41,1.0,1.0,27.94,20.39,10.27,16.04,1.0,139.2,1.0,1.0,1.0,10.0,3.26,1.0,1.0,482,1.1659751040000002,609.98,1.27
1739,6,1524,132.41,63.51,48.9,48.06,74.25,11.0,2.0,60.33,18.33,24.1,45.74,1.0,10.2,9.19,1.94,1.0,1.0,1.1,1.0,0.76,503,1.135188867,572.2,1.14
1740,6,8540,11.15,87.03,53.84,32.14,78.43,1.0,34.63,50.54,13.89,32.93,46.76,1.0,65.37,0.39,20.5,1.0,1.0,16.08,1.0,1.0,376,1.138297872,568.44,1.51
1744,6,10510,64.24,39.13,39.27,35.29,46.25,1.0,9.47,26.84,10.77,44.78,79.91,14.47,37.75,17.68,2.56,1.0,10.0,19.1,1.0,1.0,327,1.293577982,523.08,1.6
1750,6,1886,113.89,92.02,103.3,61.81,9.63,20.0,0.43,5.25,13.26,54.03,28.23,1.0,19.39,52.81,2.81,1.0,10.0,1.0,1.0,2.72,665,1.181954887,609.97,0.92
1752,6,2928,207.9,121.22,99.84,303.68,48.89,1.0,3.55,117.81,42.3,82.54,176.64,1.0,31.36,7.02,0.99,1.0,1.0,1.0,1.0,0.84,796,1.34798995,1284.47,1.61
1753,6,10950,92.9,108.28,108.29,66.88,19.44,1.0,6.43,50.41,38.81,121.06,110.75,1.0,112.58,1.6,12.9,1.0,20.0,17.17,1.0,2.79,702,1.207977208,924.19,1.32
1754,6,2977,131.52,64.04,35.41,143.87,61.88,1.0,12.45,34.63,24.81,50.56,4.67,1.0,67.11,50.59,19.88,1.0,10.0,3.63,1.0,1.0,694,1.231988473,776.71,1.12
1756,6,8248,94.6,69.06,30.82,95.08,33.48,1.0,33.93,66.45,14.9,12.3,165.48,1.0,88.26,10.19,2.18,1.0,10.0,17.87,1.0,4.07,405,1.165432099,768.07,1.9
1758,6,7874,38.46,26.19,52.38,29.12,19.0,1.0,29.23,25.94,27.18,10.83,16.9,1.0,22.6,1.0,8.71,1.0,1.0,2.09,1.0,1.0,237,1.232067511,319.51,1.35
1761,6,11408,119.76,63.08,54.26,28.53,59.46,1.0,10.76,28.97,24.06,20.01,41.55,15.25,28.9,14.46,20.8,1.0,5.0,9.08,1.0,3.81,377,1.198938992,569.09,1.51
1762,6,6040,90.56,110.4,59.76,23.12,52.09,1.0,7.11,10.66,12.54,18.45,21.3,4.6,63.34,1.0,10.64,1.0,1.0,6.8,1.0,1.0,430,1.11627907,530.49,1.23
1764,6,2291,42.65,75.93,65.61,42.2,94.63,8.0,15.04,19.57,82.31,28.7,14.46,1.0,173.5,1.0,5.52,1.0,1.0,1.0,1.0,1.0,387,1.22997416,675.13,1.74
1769,6,11441,16.33,166.78,125.38,99.13,108.35,1.0,30.96,125.92,8.2,88.03,21.17,1.0,9.86,1.39,4.93,1.0,1.0,25.97,1.0,2.12,668,1.085329341,885.02,1.32
1773,6,10918,33.09,87.07,68.52,38.57,47.1,1.0,11.17,13.15,29.52,18.5,31.06,10.85,67.9,1.0,3.83,2.0,10.0,15.3,1.0,1.68,358,1.184357542,508.55,1.42
1775,6,8307,72.55,32.79,15.25,30.08,19.67,1.0,1.85,12.97,6.78,33.88,48.86,0.4,75.39,2.99,3.15,1.0,1.0,1.99,1.0,1.0,237,1.097046414,364.96,1.54
1792,6,12277,139.79,88.69,26.86,81.67,47.44,1.0,1.0,50.57,6.36,42.97,24.34,1.0,56.85,20.15,1.0,1.0,1.0,1.0,1.0,7.2,410,1.136585366,627.75,1.53
1799,6,6609,302.16,250.97,148.29,282.64,295.51,1.0,13.48,80.98,50.91,243.81,413.83,5.6,19.38,1.8,1.0,1.0,1.0,12.1,1.0,5.09,1288,1.190993789,2211.59,1.72
1804,6,7406,133.84,168.86,145.06,51.77,94.7,1.0,88.89,65.29,41.15,39.21,83.32,4.64,161.85,23.98,4.36,1.0,1.0,12.72,1.0,1.0,633,1.265402844,1164.53,1.84
1810,6,9903,180.87,78.98,83.7,54.87,115.18,1.0,16.33,21.58,24.62,82.97,101.24,1.0,154.41,33.55,9.72,1.0,1.0,36.61,1.0,1.0,648,1.229938272,1025.47,1.58
1811,6,618,83.62,73.66,79.22,44.23,90.84,7.0,27.86,16.18,39.98,29.56,91.67,1.0,75.99,38.47,3.95,2.0,1.0,22.41,1.0,10.19,465,1.202150538,755.35,1.62
1812,6,7726,29.26,111.14,158.34,71.54,79.41,1.0,22.03,53.81,60.02,31.32,50.34,1.0,18.11,130.53,12.19,1.0,1.0,32.0,17.21,3.82,926,1.157667387,913.8,0.99
1817,6,12915,59.0,79.76,56.43,65.8,74.66,1.0,1.0,0.79,9.56,29.56,53.47,4.36,83.91,13.23,9.25,1.0,1.0,1.0,1.0,0.84,353,1.317280453,558.1,1.58
1821,6,12489,285.92,98.27,83.69,71.28,21.22,1.0,1.0,9.58,38.06,7.44,21.93,1.0,12.76,1.0,11.68,1.0,1.0,7.1,1.0,1.0,649,1.072419106,713.64,1.1
1826,6,2636,23.91,95.69,28.67,39.94,30.09,1.0,1.35,47.89,15.27,27.37,40.29,1.0,72.62,33.34,20.26,2.0,10.0,1.9,1.0,1.0,293,1.484641638,528.74,1.8
1829,6,589,371.35,239.07,177.62,79.75,27.09,30.0,3.1,143.11,32.08,67.99,317.54,1.0,109.29,12.6,28.73,1.0,1.0,1.0,1.0,1.0,868,1.467741935,1731.58,1.99
1847,6,11190,107.81,85.07,111.26,65.32,42.01,1.0,6.49,108.04,24.06,18.99,43.65,1.0,99.3,10.59,1.0,1.0,1.0,31.65,1.0,15.75,512,1.47265625,802.29,1.57
1852,6,3202,202.42,179.91,48.47,105.52,161.51,1.0,0.85,32.81,12.08,48.29,39.03,1.0,32.3,1.0,10.16,2.0,10.0,1.0,1.0,3.38,795,1.1748427670000001,934.77,1.18
1856,6,3433,292.07,196.15,142.03,170.11,146.23,1.0,6.59,96.96,44.36,80.2,235.33,1.0,241.31,19.51,74.01,1.0,1.0,26.0,1.0,21.93,1105,1.243438914,1905.49,1.72
1859,6,1901,32.81,86.85,109.87,105.92,178.86,6.0,17.66,58.33,38.46,71.69,44.51,1.0,215.21,11.62,1.09,1.0,10.0,18.43,13.18,1.0,852,1.0563380279999999,1050.79,1.23
1860,6,9219,231.0,181.56,374.59,197.32,262.75,1.0,52.4,29.39,53.64,217.01,294.74,1.0,16.65,0.79,0.62,22.0,1.0,64.62,1.0,15.26,1264,1.2745253159999999,2117.22,1.68
1864,6,13429,67.28,45.13,18.57,30.94,13.43,1.0,1.0,7.33,1.0,10.13,57.87,1.0,111.23,93.99,29.28,1.0,1.0,1.0,1.0,1.0,478,1.125523013,530.95,1.11
1871,6,12874,38.18,45.06,21.78,24.66,59.08,1.0,1.0,19.7,16.7,15.92,41.45,1.0,196.83,28.52,1.0,1.0,1.0,1.0,40.29,1.0,362,1.254143646,569.38,1.57
1873,6,1226,155.45,112.47,55.23,111.58,39.06,11.0,12.92,20.31,8.98,33.11,189.79,1.0,39.11,63.25,3.17,7.0,20.0,37.53,1.0,6.44,888,1.1227477479999999,965.91,1.09
1875,6,542,59.1,22.06,13.67,48.69,124.56,19.0,4.29,7.75,15.26,10.9,86.76,1.0,47.4,5.68,0.65,1.0,1.0,8.06,1.0,1.0,271,1.084870849,457.94,1.69
1891,6,1113,89.38,107.56,61.81,108.84,109.32,11.0,3.49,20.03,14.42,24.63,48.06,1.0,26.07,7.83,0.89,1.0,1.0,16.33,1.0,0.84,575,1.24,662.78,1.15
1893,6,735,113.6,59.81,54.31,52.18,35.4,2.0,13.44,42.78,33.05,14.72,28.6,1.0,19.91,1.0,8.87,1.0,1.0,5.47,1.0,1.0,474,1.128691983,540.71,1.14
1898,6,838,88.95,81.5,49.07,49.76,14.02,16.0,3.0,38.86,24.09,29.31,77.11,1.0,58.38,1.0,3.75,52.0,5.0,10.55,1.0,1.0,317,1.466876972,625.43,1.97
1904,6,3165,116.31,53.9,92.87,217.09,18.57,1.0,18.11,30.24,7.77,48.41,94.69,1.0,19.3,11.42,0.99,1.0,1.0,1.0,1.0,1.0,701,1.152639087,778.9,1.11
1912,6,13122,51.6,152.14,108.69,72.95,65.94,1.0,1.0,14.2,107.99,85.77,25.11,1.0,51.43,24.34,2.0,1.0,1.0,3.9,12.85,1.0,507,1.552268245,814.74,1.61
1918,6,7017,56.28,48.65,75.91,50.7,44.91,1.0,0.35,24.38,15.02,77.69,69.78,1.0,23.82,1.0,1.59,1.0,1.0,1.23,0.6,0.65,378,1.256613757,502.26,1.33
1920,6,2243,110.26,47.97,320.0,41.26,23.85,3.0,1.8,39.33,280.83,30.03,59.45,1.0,182.67,18.31,9.3,1.0,1.0,9.64,1.0,24.8,381,2.13648294,1222.34,3.21
1922,6,5467,64.1,250.4,130.0,118.53,300.55,1.0,4.13,39.13,9.78,34.98,96.67,3.7,24.83,1.0,0.99,4.0,10.0,1.0,1.0,1.0,1074,1.463687151,1228.99,1.14
1929,6,1474,38.96,74.94,78.36,56.07,96.22,51.0,39.24,14.88,16.25,82.7,68.77,1.0,89.65,33.6,9.1,24.0,1.0,1.0,1.0,1.0,454,1.321585903,737.58,1.62
1943,6,14213,80.02,114.79,93.03,135.61,24.11,1.0,1.0,8.07,28.19,36.22,72.17,1.96,43.55,22.52,1.0,1.0,1.0,1.0,1.25,1.0,733,1.14324693,768.64,1.05
1944,6,11675,260.22,239.19,371.01,118.19,221.15,1.0,16.93,270.91,169.0,113.53,674.85,1.0,143.2,2.3,61.61,1.0,1.0,3.6,1.0,7.46,1379,1.450326323,2871.29,2.08
1948,6,15527,69.69,93.31,25.65,54.97,50.78,1.0,16.61,17.59,3.52,1.0,30.0,1.0,167.47,1.0,0.59,1.0,1.0,1.0,1.0,1.0,321,1.112149533,561.05,1.75
1949,6,12230,110.55,114.33,122.03,148.96,116.93,1.0,1.0,24.49,54.14,98.04,110.19,12.83,583.15,6.46,4.9,60.0,1.0,1.86,1.0,1.0,922,1.156182213,1636.5,1.77
1954,6,3355,22.21,21.27,25.61,52.84,12.27,1.0,26.58,5.33,2.85,33.52,82.78,1.0,89.99,1.0,6.94,1.0,1.0,1.0,1.0,1.0,224,1.120535714,382.19,1.71
1957,6,13684,85.01,48.6,36.71,111.74,41.71,1.0,1.0,29.57,61.65,63.46,17.5,1.0,11.27,101.87,1.0,4.0,1.0,1.0,1.0,1.0,473,1.145877378,640.71,1.35
1961,6,10483,99.95,120.07,86.31,84.28,69.48,1.0,8.18,82.31,9.73,50.07,49.98,1.0,103.33,30.89,20.41,1.0,1.0,24.45,1.0,1.0,494,1.184210526,874.02,1.77
1963,6,3587,46.44,65.37,73.9,102.34,37.97,1.0,3.12,70.05,55.69,54.91,102.41,1.0,132.41,8.37,15.67,1.0,20.0,38.51,1.0,5.09,423,1.468085106,870.91,2.06
1967,6,2744,120.42,101.86,98.45,76.67,56.33,23.0,47.59,24.25,23.35,27.1,87.52,1.0,7.9,1.0,15.37,1.0,1.0,28.84,1.0,10.87,553,1.157323689,782.16,1.41
1974,6,2643,65.37,47.38,45.19,42.17,24.71,17.0,61.54,36.93,24.45,34.36,47.48,1.0,47.27,56.39,1.0,1.0,1.0,2.42,22.18,2.12,498,1.088353414,583.77,1.17
1984,6,13323,105.94,57.8,37.15,60.94,80.61,1.0,1.0,29.5,25.36,7.83,43.51,1.0,49.41,9.76,1.0,1.0,1.0,1.0,1.0,1.0,326,1.150306748,539.71,1.66
1986,6,7345,211.64,204.86,100.16,102.96,178.61,1.0,5.5,407.82,69.36,160.03,134.42,1.0,3.4,53.89,18.65,1.0,40.0,12.76,1.0,7.48,1073,1.184529357,1791.58,1.67
1994,6,2312,26.53,62.58,54.53,98.89,64.68,34.0,43.91,9.07,19.82,39.07,18.96,1.0,43.35,6.88,6.85,12.0,10.0,5.34,1.0,1.0,533,1.123827392,553.91,1.04
1997,6,11229,111.24,76.76,50.34,22.65,55.29,1.0,77.66,47.22,10.42,86.9,171.54,1.0,22.87,1.0,34.03,29.0,1.0,14.59,1.0,7.55,689,1.055152395,886.56,1.29
1998,6,12271,177.46,30.63,73.84,153.19,102.36,1.0,1.0,216.5,0.76,24.29,122.21,1.0,93.79,43.26,3.56,1.0,1.0,6.93,1.0,10.19,690,1.237681159,1095.57,1.59
2000,6,3076,117.77,108.04,41.56,81.42,78.84,1.0,47.9,47.15,20.43,63.45,173.24,1.0,10.21,10.68,60.37,1.0,1.0,18.56,1.0,18.18,635,1.212598425,952.62,1.5
2008,6,2141,118.89,85.17,111.63,91.88,80.77,55.0,3.25,19.11,10.19,118.42,167.05,1.0,353.77,35.8,16.11,2.0,1.0,18.6,1.0,1.0,780,1.180769231,1282.96,1.64
2024,6,2903,52.98,45.31,60.9,63.03,48.74,7.0,9.58,59.03,12.49,9.43,50.83,1.0,13.34,1.0,4.94,34.0,1.0,8.84,1.0,1.0,422,1.274881517,526.0,1.25
2025,6,8118,115.73,71.34,81.76,48.2,29.41,1.0,27.07,69.35,24.95,16.67,108.09,1.0,120.8,13.09,4.64,1.0,10.0,6.21,1.0,2.45,536,1.186567164,779.96,1.46
2035,6,10433,82.9,73.43,57.09,63.64,159.41,1.0,22.16,38.26,7.67,27.37,87.37,0.84,37.05,7.63,6.67,1.0,1.0,2.54,1.0,1.0,388,1.3195876290000002,683.6,1.76
2042,6,3214,65.38,61.07,43.88,57.07,83.56,1.0,11.34,30.94,35.83,13.58,55.59,1.0,56.53,49.52,10.67,9.0,10.0,70.79,31.03,0.21,733,1.150068213,771.69,1.05
2054,6,10840,102.98,54.75,38.32,29.77,190.15,1.0,11.9,19.84,21.85,19.19,88.79,1.0,61.67,21.09,1.64,4.0,10.0,2.78,4.1,1.0,534,1.25093633,755.64,1.42
2061,6,1943,115.47,121.33,212.48,103.48,44.88,13.0,2.2,136.46,14.93,37.62,9.13,1.0,49.08,40.25,0.99,1.0,1.0,1.69,1.0,1.0,773,1.094437257,977.9,1.27
2070,6,8299,80.99,46.25,38.15,25.65,129.03,1.0,5.45,22.27,21.78,16.8,23.18,6.53,29.23,1.88,7.45,1.0,1.0,1.0,1.0,1.0,356,1.258426966,478.89,1.35
2071,6,475,219.37,116.4,38.77,58.63,36.29,22.0,8.65,52.31,10.04,104.74,35.08,1.0,13.57,4.35,17.07,1.0,1.0,10.18,9.67,1.0,630,1.223809524,791.57,1.26
2076,6,67,267.48,118.83,126.38,122.67,194.14,9.0,28.39,20.64,50.75,11.13,134.67,1.0,348.48,38.53,7.33,1.0,1.0,11.15,1.0,32.28,807,1.307311029,1584.18,1.96
2082,6,1101,63.82,71.47,43.93,52.15,44.54,12.0,1.5,22.43,15.11,31.55,176.57,1.0,31.39,1.0,0.99,1.0,1.0,1.0,2.1,3.39,317,1.135646688,588.01,1.85
2085,6,7210,135.3,193.27,189.3,219.87,142.32,1.0,14.6,261.71,48.94,24.49,558.38,1.0,103.71,1.0,4.78,1.0,1.0,15.86,1.0,12.54,1522,1.285808147,2143.5,1.41
2096,6,10518,62.26,96.24,42.26,99.46,63.58,1.0,0.7,57.05,23.74,89.28,96.3,7.66,376.95,10.76,14.01,1.0,1.0,8.46,1.0,1.0,620,1.233870968,1089.4,1.76
2101,6,10975,83.04,83.04,26.18,62.44,50.95,1.0,5.47,42.52,10.15,18.21,33.96,15.25,145.34,2.18,2.64,1.0,10.0,6.58,3.91,1.1,398,1.06281407,631.92,1.59
2112,6,2678,168.69,124.03,82.16,184.92,164.01,21.0,63.82,150.71,91.73,111.7,227.5,1.0,188.61,2.9,0.99,2.0,1.0,1.0,1.0,1.0,1320,1.146212121,1644.48,1.25
2113,6,2427,173.77,143.81,182.07,206.99,102.49,14.0,11.7,159.19,54.59,176.3,194.52,1.0,81.25,72.23,8.72,1.0,1.0,4.25,1.0,2.55,1244,1.1326366559999999,1672.41,1.34
2115,6,1707,112.08,66.51,37.99,47.98,31.64,8.0,82.09,23.15,4.25,15.63,55.82,1.0,27.55,14.81,14.83,29.0,1.0,5.59,1.0,4.24,757,1.097754293,604.08,0.8
2116,6,974,286.45,6.66,55.38,28.44,86.56,19.0,1.3,16.92,10.23,12.43,228.01,1.0,38.53,1.0,1.0,2.0,1.0,5.95,1.0,1.0,445,1.33258427,843.44,1.9
2121,6,14127,12.92,71.04,62.4,77.74,37.91,1.0,1.0,35.98,53.76,18.28,6.87,1.0,149.39,0.59,1.0,22.0,1.0,1.83,1.0,1.0,379,1.287598945,586.55,1.55
2128,6,350,80.5,71.99,37.77,57.78,37.63,9.0,23.0,53.86,17.45,22.25,64.01,1.0,27.0,7.17,15.79,1.0,1.0,1.0,1.0,7.57,435,1.066666667,546.06,1.26
2130,6,10587,52.55,55.78,98.62,76.44,40.99,1.0,5.13,34.5,11.17,43.66,36.28,1.0,26.41,6.07,8.52,1.0,1.0,2.51,1.0,1.0,354,1.2485875709999998,527.56,1.49
2131,6,14566,83.0,26.9,2.26,86.86,104.11,1.0,8.91,1.0,27.31,11.72,66.88,1.0,422.79,7.16,1.98,1.0,1.0,17.21,1.0,2.11,362,1.284530387,873.58,2.41
2135,6,12147,26.22,49.96,44.4,60.1,47.4,1.0,1.0,37.76,30.74,3.66,38.23,1.0,52.28,13.94,4.09,1.0,1.0,15.18,1.0,0.84,377,1.137931034,467.75,1.24
2138,6,7010,109.33,65.93,42.9,84.5,21.34,1.0,6.4,27.17,4.34,51.88,18.51,1.0,88.62,53.71,2.04,1.0,1.0,1.0,1.0,1.0,437,1.132723112,588.3,1.35
2145,6,11078,72.06,54.6,32.29,85.06,85.58,1.0,6.42,24.7,9.68,73.81,56.23,4.45,150.19,2.41,3.42,1.0,29.0,2.92,1.0,0.67,489,1.27402863,714.11,1.46
2149,6,8266,70.91,59.93,42.09,83.81,20.66,1.0,47.54,13.23,10.37,10.52,21.71,4.33,81.21,1.51,1.58,1.0,1.0,1.0,1.0,1.0,530,1.011320755,475.89,0.9
2150,6,1864,68.24,18.72,12.74,100.9,37.6,2.0,18.61,18.27,8.38,30.36,175.61,1.0,485.41,15.93,1.0,1.0,1.0,20.9,7.17,6.79,383,1.3629242819999998,1035.65,2.7
2157,6,1893,155.43,76.87,44.02,93.19,94.12,3.0,4.34,22.02,45.14,97.26,148.75,1.0,85.04,14.39,7.66,1.0,1.0,26.3,1.0,1.0,596,1.169463087,944.04,1.58
2158,6,1265,37.3,59.47,40.59,19.6,24.65,12.0,6.15,49.25,6.45,68.25,20.25,1.0,19.54,5.06,8.09,27.0,1.0,5.47,1.0,1.92,291,1.171821306,429.02,1.47
2163,6,588,133.41,126.77,95.06,114.32,123.05,1.0,15.57,19.42,17.5,40.08,78.44,1.0,93.42,1.0,0.89,1.0,1.0,1.0,1.0,1.0,578,1.1903114190000001,906.05,1.57
2164,6,3243,601.91,145.97,66.99,259.4,291.43,1.0,39.15,20.85,50.91,2.88,124.71,1.0,342.43,1.0,1.2,1.0,1.0,34.01,1.0,11.97,1169,1.160821215,2019.02,1.73
2165,6,15980,66.28,82.66,70.95,16.93,67.41,1.0,42.5,30.37,31.44,44.79,1.0,4.31,69.11,2.59,21.56,10.5,1.0,4.67,1.0,2.12,435,1.128735632,607.1,1.4
2167,6,12548,78.73,28.45,46.85,65.5,9.54,1.0,1.0,8.69,7.78,40.74,12.53,1.0,302.2,10.16,1.0,1.0,1.0,1.0,1.0,1.0,207,1.333333333,634.35,3.06
2171,6,9139,87.25,29.32,19.77,28.81,99.79,1.0,12.53,31.0,27.27,8.04,55.42,1.0,118.94,1.93,2.48,2.0,1.0,10.84,1.0,10.24,430,1.186046512,579.77,1.35
2180,6,12640,65.66,29.52,39.07,42.57,35.0,1.0,1.0,37.54,14.79,8.12,31.38,1.0,25.0,6.23,2.67,1.0,1.0,1.35,1.0,1.0,353,1.11898017,354.48,1.0
2200,6,579,37.21,53.23,30.17,72.71,44.33,18.0,6.03,14.09,2.79,36.3,70.74,1.0,554.17,24.85,1.0,1.0,1.0,25.54,4.53,1.0,385,1.52987013,999.35,2.6
2201,6,10447,145.82,208.91,27.29,63.58,52.63,1.0,1.9,60.07,0.63,120.02,88.32,1.0,89.75,10.48,20.55,1.0,1.0,1.15,1.0,3.38,666,1.10960961,937.46,1.41
2206,6,1446,131.26,117.01,50.96,82.69,45.8,1.0,8.04,59.04,28.73,38.19,41.74,1.0,102.99,31.31,1.0,1.0,1.0,3.26,3.78,1.0,697,1.180774749,769.23,1.1
2218,6,12687,266.07,302.69,123.94,35.27,104.16,1.0,1.0,5.65,4.2,56.34,27.49,1.0,169.8,2.18,1.0,1.0,1.0,1.0,1.0,47.54,878,1.266514806,1218.95,1.39
2221,6,6952,112.04,191.99,133.93,45.01,85.45,1.0,13.01,47.89,11.34,31.09,138.31,2.18,194.81,34.18,2.08,4.0,10.0,32.7,7.11,2.51,760,1.189473684,1147.33,1.51
2231,6,9476,75.79,50.26,11.19,56.76,37.0,1.0,6.36,3.99,8.02,19.63,100.64,2.38,54.65,8.31,1.37,8.0,1.0,1.7,1.0,1.0,328,1.1067073170000001,465.43,1.42
2232,6,157,223.38,70.08,176.93,289.02,87.48,9.0,10.2,107.95,15.53,26.19,52.54,1.0,516.01,140.1,1.0,1.0,1.0,14.34,47.98,9.42,1080,1.118518519,1857.65,1.72
2233,6,2888,307.29,118.97,114.43,135.53,68.93,4.0,6.75,46.54,26.91,51.82,49.08,1.0,6.17,8.61,3.67,1.0,1.0,11.91,1.0,1.0,976,1.19057377,1002.15,1.03
2238,6,277,209.62,120.18,117.64,117.08,56.37,21.0,3.1,27.84,30.28,34.06,120.22,1.0,18.78,1.0,18.04,1.0,1.0,24.71,1.0,3.22,837,1.131421744,1014.82,1.21
2239,6,5676,120.25,80.47,100.0,58.69,103.61,1.0,85.0,33.84,74.9,9.29,40.72,8.22,73.19,1.0,11.09,1.0,10.0,1.15,1.0,1.9,695,1.254676259,879.91,1.27
2246,6,7269,36.12,48.34,94.0,136.92,68.75,1.0,10.94,3.08,4.14,55.99,22.93,1.0,59.1,4.93,9.85,1.0,1.0,1.0,1.0,2.94,487,1.2279260779999999,593.55,1.22
2247,6,14154,124.23,79.49,37.99,73.39,33.07,1.0,1.0,24.02,42.14,20.74,27.35,1.0,23.7,4.38,0.38,1.0,1.0,4.65,1.0,2.2,394,1.073604061,517.87,1.31
2252,6,12647,81.44,98.43,62.64,32.82,63.71,1.0,1.0,67.87,20.12,37.02,36.4,1.0,38.83,1.0,25.4,1.0,1.0,1.0,1.0,8.05,544,1.3125,684.57,1.26
2254,6,8694,96.23,63.73,38.23,89.34,56.2,1.0,6.4,89.48,8.41,30.92,200.22,1.0,120.22,2.99,1.18,1.0,1.0,3.4,1.0,9.74,469,1.260127932,852.82,1.82
2255,6,13736,46.73,71.58,25.32,39.18,79.84,1.0,1.0,33.73,45.62,22.14,32.94,1.0,183.6,0.45,15.96,1.0,1.0,1.0,1.0,1.0,402,1.281094527,612.92,1.52
2257,6,11066,151.92,87.77,125.05,107.71,62.7,1.0,10.3,22.57,18.46,32.96,55.11,1.0,71.45,39.33,29.95,1.0,1.0,2.83,1.0,5.94,564,1.129432624,873.88,1.55
2270,6,2214,163.08,116.78,107.14,94.01,94.76,67.0,4.08,59.0,16.89,75.37,66.09,1.0,22.84,18.34,21.01,1.0,1.0,16.43,1.0,1.0,717,1.232914923,946.35,1.32
2281,6,13210,51.07,46.44,6.01,76.92,18.44,1.0,1.0,34.29,16.23,42.1,26.88,2.05,56.12,19.92,1.49,1.0,1.0,1.0,1.0,1.0,169,1.621301775,417.82,2.47
2288,6,2140,81.98,48.77,70.93,18.74,14.26,15.0,5.75,16.83,28.43,11.94,48.48,1.0,339.92,1.0,1.0,1.0,1.0,1.0,1.0,1.0,378,1.103174603,708.56,1.87
2291,6,11259,62.21,84.21,57.71,72.03,64.03,1.0,7.45,45.51,13.03,10.35,67.71,1.0,16.78,1.11,5.45,1.0,1.0,10.76,11.67,0.32,503,1.2166998009999999,575.15,1.14
2292,6,15815,65.26,98.23,89.28,100.98,14.5,1.0,52.52,98.58,43.82,1.0,6.5,1.0,25.92,87.4,67.31,1.0,1.0,0.84,1.0,3.4,771,1.286640726,843.26,1.09
2309,6,2588,94.61,144.52,71.32,147.06,70.18,11.0,25.4,59.96,18.65,65.33,96.65,1.0,289.89,31.97,2.18,28.0,1.0,8.92,1.0,1.0,847,1.238488784,1264.34,1.49
2313,6,1241,65.17,99.43,75.53,69.58,36.74,22.0,53.94,27.42,15.51,76.72,55.26,1.0,37.69,50.58,1.19,1.0,10.0,17.36,40.0,7.88,645,1.136434109,810.56,1.26
2314,6,3177,28.88,40.9,44.9,20.69,4.27,1.0,20.85,25.54,16.94,17.55,28.46,1.0,82.85,8.47,1.0,5.5,1.0,34.0,1.0,1.52,286,1.125874126,416.03,1.45
2319,6,6600,148.94,62.49,22.01,74.4,46.26,1.0,21.85,55.08,2.97,7.12,32.57,15.65,566.35,11.97,1.0,1.0,1.0,1.0,1.0,3.4,505,1.261386139,1089.9,2.16
2328,6,4696,38.1,38.21,64.67,50.82,95.98,1.0,11.47,51.52,15.15,6.38,63.34,2.0,597.04,5.92,2.01,373.0,1.0,1.0,1.0,1.92,555,1.185585586,1451.1,2.61
2338,6,725,57.21,22.39,1.5,32.01,17.33,23.0,2.34,56.52,2.23,6.99,90.13,1.0,457.12,1.0,1.0,1.0,1.0,85.58,1.0,1.0,245,1.232653061,834.38,3.41
2340,6,13366,119.61,104.77,27.18,84.92,84.79,1.0,1.0,47.41,39.61,43.05,103.26,1.0,77.6,1.0,11.8,1.0,1.0,11.44,1.0,4.24,554,1.1768953070000001,773.8,1.4
2341,6,357,208.05,206.23,274.49,170.46,380.55,11.0,15.12,89.45,91.13,160.52,125.02,1.0,8.5,5.66,29.74,1.0,1.0,23.64,1.0,2.03,1582,1.243994943,1996.51,1.26
2355,6,256,112.5,103.09,60.31,118.42,34.49,1.0,15.78,26.92,29.51,31.46,52.97,1.0,116.35,25.74,11.12,1.0,1.0,1.0,1.0,3.4,535,1.1364485979999999,804.6,1.5
2357,6,11347,18.92,52.38,32.51,51.94,93.71,1.0,6.16,20.28,13.9,28.23,43.65,1.0,128.82,7.03,5.32,2.0,1.0,0.67,6.1,0.51,337,1.222551929,540.97,1.61
2363,6,7470,41.94,40.29,41.3,22.15,37.23,1.0,19.05,20.23,32.95,29.57,86.55,1.0,84.63,15.03,0.59,1.0,1.0,0.5,1.0,1.0,369,1.108401084,560.75,1.52
2364,6,1242,54.4,4.18,15.17,37.74,54.22,5.0,13.88,26.57,11.89,6.87,123.94,1.0,107.12,24.17,18.09,1.0,1.0,1.0,1.0,1.95,370,1.121621622,542.02,1.46
2370,6,5901,45.51,39.6,58.7,14.42,45.58,1.0,37.45,14.11,30.95,10.64,47.61,10.36,122.72,1.0,1.66,5.0,1.0,8.48,1.0,1.0,329,1.075987842,504.58,1.53
2375,6,10094,77.45,83.71,33.81,51.68,51.61,1.0,20.55,51.98,13.96,45.37,13.09,1.0,36.64,1.78,2.63,1.0,1.0,6.41,1.0,1.0,459,1.189542484,511.3,1.11
2381,6,7559,50.09,92.81,41.91,17.43,20.93,1.0,56.78,58.34,11.96,28.13,12.79,1.0,291.66,20.87,1.19,1.0,1.0,7.03,1.0,2.8,427,1.2295081970000001,760.09,1.78
2383,6,3127,75.2,16.34,17.86,28.02,75.53,1.0,47.86,28.89,25.01,4.99,85.18,1.0,103.19,20.75,1.0,2.0,1.0,1.0,1.0,2.75,519,1.10982659,551.7,1.06
2384,6,3004,102.79,64.21,80.0,39.63,58.15,1.0,3.03,22.24,10.38,50.31,32.7,1.0,22.6,9.01,5.76,1.0,1.0,13.08,1.0,1.69,431,1.199535963,533.46,1.24
2410,6,11526,120.46,121.54,86.39,141.31,60.96,1.0,9.76,40.94,115.8,53.46,105.55,5.65,9.77,47.05,7.46,1.0,10.0,1.49,25.51,1.52,737,1.355495251,1034.78,1.4
2412,6,11682,115.34,88.53,37.28,33.86,71.11,1.0,24.32,34.7,33.5,27.5,4.45,1.0,21.82,62.29,3.84,1.0,1.0,36.96,1.0,10.2,516,1.143410853,669.24,1.3
2414,6,8552,101.98,154.81,85.49,74.14,390.71,1.0,11.8,62.58,16.76,33.26,8.46,8.43,43.89,1.7,15.35,1.0,1.0,8.68,1.0,0.84,839,1.545887962,1100.42,1.31
2418,6,8338,150.05,127.98,55.83,87.0,65.69,1.0,14.89,72.83,29.04,59.89,122.0,13.35,169.51,2.57,16.44,1.0,1.0,12.75,1.0,1.0,693,1.266955267,1040.94,1.5
2421,6,6344,139.06,111.73,64.59,99.71,111.98,1.0,3.3,23.39,2.15,10.4,27.39,0.2,27.46,1.0,13.57,1.0,1.0,0.94,1.0,11.87,573,1.045375218,682.53,1.19
2424,6,906,110.6,41.79,20.32,25.31,44.04,59.0,10.71,23.98,1.1,42.09,71.6,1.0,35.02,23.01,9.8,1.0,1.0,1.0,1.0,2.72,322,1.139751553,472.62,1.47
2431,6,2716,75.04,60.33,34.31,66.84,52.73,84.0,1.14,21.63,46.63,18.64,50.24,1.0,380.82,5.73,8.61,1.0,10.0,12.89,1.0,5.32,433,1.2124711320000001,864.23,2.0
2432,6,12227,55.65,79.38,63.93,64.73,51.83,1.0,1.0,48.72,31.28,28.89,23.85,1.0,237.17,16.72,0.66,1.0,1.0,1.0,1.0,1.0,519,1.1387283240000001,724.39,1.4
2444,6,13397,135.31,70.3,79.55,94.3,125.25,1.0,1.0,13.43,97.39,45.68,89.64,1.0,87.65,47.81,1.33,1.0,1.0,5.1,1.0,1.1,543,1.143646409,922.2,1.7
2453,6,6955,66.28,53.12,44.61,52.54,74.15,1.0,9.47,6.73,22.7,19.73,66.06,1.0,67.87,6.12,1.0,1.0,1.0,7.39,11.48,1.0,398,1.113065327,520.16,1.31
2454,6,8614,102.47,90.95,74.9,60.4,41.96,1.0,9.05,123.53,20.32,99.51,77.78,32.07,117.22,31.59,3.67,1.0,1.0,25.83,1.0,2.37,659,1.160849772,960.93,1.46
2458,6,8862,178.55,112.54,175.2,84.96,134.11,1.0,82.58,45.02,124.48,71.33,139.42,17.14,219.78,22.57,4.26,6.0,1.0,10.11,51.72,8.49,1378,1.267053701,1560.77,1.13
2459,6,15403,94.99,82.76,3.4,21.23,34.89,1.0,22.33,36.54,1.0,1.0,322.62,1.0,93.34,19.66,7.84,1.0,1.0,1.52,1.0,4.71,416,1.211538462,753.63,1.81
2470,6,9484,265.22,144.73,103.22,179.63,218.82,1.0,4.24,2.94,26.01,23.65,572.63,57.06,357.0,86.29,4.17,2.0,1.0,17.84,1.0,14.1,1064,1.1296992479999999,2107.59,1.98
2476,6,11676,270.63,90.43,95.01,56.72,92.98,1.0,2.3,62.54,47.19,51.74,99.13,1.0,122.28,1.46,6.84,1.0,1.0,35.87,1.0,16.09,696,1.1795977009999998,1116.3,1.6
2477,6,11520,118.72,90.38,49.89,41.83,69.03,1.0,31.56,41.56,3.21,10.33,101.1,1.0,95.15,3.93,5.44,1.0,1.0,51.16,1.0,5.08,385,1.283116883,752.37,1.95
2478,6,312,35.73,39.93,11.37,52.34,128.41,16.0,6.81,64.96,9.33,31.43,55.48,1.0,234.4,1.0,3.33,1.0,1.0,6.75,23.95,1.0,458,1.0960698690000001,752.32,1.64
2479,6,108,50.91,12.97,4.87,44.19,49.28,12.0,7.88,11.07,3.06,33.7,40.62,1.0,260.28,9.55,4.11,8.0,1.0,1.0,1.0,1.0,258,1.2751937979999999,554.54,2.15
2480,6,2758,31.25,49.88,78.98,111.83,47.4,6.0,3.56,71.11,24.34,65.81,56.93,1.0,35.61,41.01,1.92,1.0,1.0,5.7,2.85,1.0,697,1.299856528,685.13,0.98
2481,6,15763,77.14,80.31,15.7,90.69,45.41,1.0,9.67,52.84,17.18,1.0,65.04,1.0,109.98,1.6,8.08,1.0,1.0,1.0,1.0,1.52,459,1.0980392159999999,600.02,1.31
2497,6,11461,54.8,115.16,45.91,35.62,50.29,1.0,19.29,34.18,23.35,25.6,57.24,19.82,77.1,3.45,7.12,1.0,5.0,6.51,1.0,2.96,440,1.134090909,626.96,1.42
2500,6,7996,127.19,61.59,28.52,80.59,51.94,1.0,41.32,15.06,100.68,70.31,80.62,1.0,49.62,12.6,4.57,1.0,1.0,3.09,1.0,1.0,534,1.166666667,765.4,1.43
2506,6,14353,155.54,61.19,37.54,82.27,14.11,1.0,23.05,1.0,5.1,31.8,61.88,1.0,41.94,67.43,23.06,1.0,1.0,0.84,1.0,1.0,754,1.106100796,651.69,0.86
2512,6,12719,150.47,128.09,140.58,185.24,71.08,1.0,1.0,50.07,10.51,64.72,131.84,1.0,10.21,77.41,7.52,1.0,1.0,2.66,41.7,22.58,803,1.257783313,1120.64,1.4
2516,6,77,49.37,25.02,15.63,32.0,20.17,19.0,1.61,25.32,15.05,53.01,30.99,1.0,35.62,1.0,1.61,1.0,1.0,1.0,1.0,3.4,228,1.070175439,355.16,1.56
2526,6,7251,45.34,62.37,31.29,80.29,32.84,1.0,1.75,10.81,7.17,54.57,84.94,3.58,24.48,35.92,9.12,1.0,1.0,1.0,44.62,1.0,534,1.119850187,552.33,1.03
2530,6,562,96.22,29.61,70.23,35.94,32.3,31.0,19.41,0.99,19.53,64.44,48.3,1.0,65.68,9.65,6.2,1.0,1.0,1.49,1.0,1.0,481,1.054054054,523.35,1.09
2535,6,6760,396.1,184.78,161.38,177.86,388.72,1.0,14.4,44.6,34.47,75.89,18.34,1.0,237.1,54.6,1.0,1.0,1.0,6.98,13.24,8.32,1301,1.029976941,1854.14,1.43
2537,6,7517,99.14,53.67,23.95,80.32,31.47,1.0,5.0,15.72,13.04,27.65,29.11,1.0,13.67,17.39,3.53,1.0,1.0,11.07,6.91,1.0,344,1.122093023,438.96,1.28
2538,6,2498,27.7,34.25,55.24,30.29,43.5,16.0,26.36,68.81,4.83,23.4,53.19,1.0,324.07,33.66,6.77,1.0,1.0,1.0,1.0,1.0,426,1.058685446,755.38,1.77
2543,6,10330,132.33,48.21,31.16,23.46,24.18,1.0,1.07,23.68,8.97,8.11,51.45,1.0,14.45,1.0,11.71,1.0,1.0,18.66,1.0,0.76,237,1.2447257379999999,404.46,1.71
2551,6,15308,42.99,78.65,13.86,37.4,85.72,1.0,3.85,24.87,1.0,24.46,11.48,1.0,38.39,2.53,11.86,1.0,1.0,9.68,1.0,1.0,336,1.05952381,406.25,1.21
2555,6,7572,81.92,69.88,95.65,73.85,16.57,1.0,14.14,15.78,14.77,52.57,41.83,1.0,44.63,6.9,8.58,1.0,1.0,2.29,27.56,1.0,465,1.253763441,611.72,1.32
2556,6,12379,136.83,48.56,52.39,79.64,35.3,1.0,1.0,8.06,17.53,13.16,97.69,1.0,15.98,17.58,6.53,1.0,1.0,22.82,1.0,1.0,407,1.324324324,609.36,1.5
2560,6,14932,136.08,137.82,3.12,53.36,26.04,1.0,1.45,11.46,1.0,1.0,216.24,1.0,103.44,20.86,8.93,1.0,1.0,1.0,1.0,1.0,525,1.0533333329999999,766.66,1.46
2564,6,7124,47.76,22.13,19.6,29.62,141.79,1.0,63.58,47.32,9.62,12.37,13.42,1.0,56.94,24.02,10.88,1.0,1.0,7.56,1.0,2.96,375,1.072,529.04,1.41
2569,6,2622,31.66,37.61,37.74,47.01,11.85,4.0,14.79,29.05,22.41,8.38,23.51,1.0,79.9,25.68,2.87,1.5,1.0,1.0,1.0,1.0,270,1.081481481,399.79,1.48
2573,6,2623,115.41,49.57,63.27,34.22,24.82,10.0,3.15,23.05,34.1,161.22,263.81,1.0,552.93,40.56,20.99,1.0,1.0,11.9,40.16,1.0,720,1.155555556,1480.53,2.06
2586,6,10248,394.92,433.09,290.95,235.7,884.45,1.0,19.31,199.51,216.52,369.73,191.82,2.43,331.41,1.3,9.27,10.0,25.0,1.44,1.0,1.0,2489,1.1562876659999999,3789.25,1.52
2587,6,5240,159.02,89.47,39.21,39.09,42.11,1.0,4.3,155.37,3.14,64.34,168.51,11.31,20.06,1.0,15.26,1.0,1.0,2.25,1.0,1.0,552,1.1394927540000002,870.1,1.58
2599,6,1894,36.24,115.59,20.58,60.64,108.53,10.0,7.19,37.32,9.27,42.67,33.34,1.0,76.89,1.0,1.67,2.0,1.0,1.0,1.0,1.0,365,1.128767123,576.43,1.58
2600,6,3203,209.15,263.45,216.8,149.74,161.26,1.0,137.08,37.28,62.06,203.68,174.36,1.0,13.69,59.58,23.46,1.0,1.0,84.85,1.0,11.6,1385,1.240433213,1951.11,1.41
2604,6,12738,40.91,90.57,39.51,85.65,75.44,1.0,1.0,8.75,43.4,10.55,32.69,1.52,102.21,1.0,1.0,1.0,15.0,6.94,1.0,0.76,383,1.154046997,573.47,1.5
2605,6,594,246.34,200.77,198.29,86.45,114.69,12.0,33.93,12.18,10.67,115.36,25.76,1.0,40.54,27.21,12.39,1.0,1.0,13.08,1.0,6.8,950,1.229473684,1258.26,1.32
2627,6,9465,202.43,192.75,91.87,113.69,142.25,1.0,51.86,73.54,34.8,60.86,118.0,4.18,19.09,17.44,8.01,5.0,1.0,41.21,1.0,5.08,849,1.156654888,1218.84,1.44
2631,6,9814,113.37,77.4,43.81,77.73,112.1,1.0,2.05,15.51,4.92,28.38,82.7,0.55,22.5,33.39,2.97,12.0,15.0,2.11,1.0,1.0,568,1.11443662,708.56,1.25
2640,6,13470,55.71,109.82,60.07,71.62,24.76,1.0,1.0,45.9,10.55,15.75,150.45,1.0,35.68,11.04,1.98,1.0,1.0,1.0,1.0,1.0,484,1.173553719,635.9,1.31
2647,6,2865,8.88,29.32,79.57,22.32,60.93,10.0,22.44,14.21,11.56,8.16,13.85,1.0,174.91,1.0,0.28,1.0,1.0,2.51,1.0,1.0,258,1.108527132,471.63,1.83
2649,6,13713,64.2,55.03,32.21,69.73,107.91,1.0,1.0,19.76,10.61,74.23,95.14,1.0,27.58,26.06,3.86,1.0,1.0,4.51,1.0,1.0,386,1.409326425,617.87,1.6
2651,6,12372,143.46,98.78,26.3,56.21,32.96,1.0,1.0,67.74,11.3,75.94,91.63,1.0,39.46,1.2,3.66,11.0,1.0,3.4,1.0,1.0,585,1.135042735,696.42,1.19
2653,6,8754,41.92,40.31,15.52,15.42,17.17,1.0,14.34,31.98,6.92,36.58,27.0,1.0,30.61,1.0,7.14,5.0,1.0,1.99,1.0,1.0,255,1.17254902,319.39,1.25
2656,6,11510,213.68,195.13,231.82,250.83,403.01,1.0,25.84,81.2,110.05,107.76,324.7,40.48,80.37,6.84,8.2,1.0,1.0,7.62,1.0,0.84,1526,1.1245085190000002,2181.41,1.43
2659,6,7448,96.46,49.56,78.66,56.02,88.95,1.0,4.43,12.0,32.39,36.66,24.75,1.0,22.31,1.8,0.89,1.0,1.0,1.0,1.0,0.84,422,1.154028436,550.85,1.31
2665,6,2366,228.87,212.36,310.71,138.09,287.54,8.0,33.79,71.62,40.07,112.99,191.73,1.0,46.69,1.0,95.64,1.0,1.0,47.5,1.0,26.49,1585,1.343217666,2045.28,1.29
2666,6,977,204.41,120.66,60.13,105.5,105.3,4.0,22.44,32.13,9.46,48.24,144.06,1.0,314.26,3.99,8.09,1.0,1.0,1.86,1.0,5.52,714,1.12464986,1239.92,1.74
2667,6,9808,29.88,42.12,160.32,149.16,142.5,1.0,10.27,76.6,48.77,11.99,153.68,1.0,7.39,0.59,1.0,1.0,1.0,9.32,1.0,1.68,681,1.40969163,881.87,1.29
2672,6,10911,143.22,80.97,100.11,172.6,196.76,1.0,3.48,6.92,19.12,75.65,47.29,1.0,62.28,15.54,3.52,1.0,1.0,1.99,2.14,1.1,691,1.20260492,998.06,1.44
2676,6,8844,54.61,127.21,176.12,26.05,39.65,1.0,39.89,49.47,88.5,64.26,36.73,13.91,65.25,5.98,9.77,6.0,1.0,7.12,1.0,1.0,836,1.197368421,872.67,1.04
2683,6,9985,19.29,83.78,21.56,70.96,11.6,1.0,10.15,71.23,25.01,22.93,16.28,1.1,174.26,7.11,28.48,8.0,5.0,5.58,1.0,2.28,423,1.144208038,647.15,1.53
2685,6,14999,158.36,17.43,58.93,21.49,4.36,1.0,5.1,9.26,1.0,31.37,41.23,1.0,288.44,24.42,18.45,1.0,1.0,1.0,1.0,1.0,360,1.125,699.67,1.94
2686,6,2874,95.85,123.59,253.12,64.38,35.24,27.0,32.08,257.35,1.82,78.98,281.64,1.0,63.53,1.0,2.86,1.0,1.0,0.55,1.0,0.84,804,1.241293532,1417.06,1.76
2687,6,1925,39.64,76.67,81.22,15.7,18.38,7.0,14.23,59.58,19.34,13.19,26.55,1.0,106.19,7.38,42.67,1.0,1.0,10.94,1.0,1.0,432,1.108796296,567.5,1.31
2703,6,523,42.02,38.83,25.15,7.82,38.55,1.0,3.69,18.61,25.92,23.45,18.61,1.0,108.83,1.0,12.7,1.0,1.0,2.84,1.0,1.0,252,1.174603175,377.89,1.5
2717,6,9118,58.18,53.66,128.26,35.81,93.04,1.0,13.89,25.35,55.81,38.46,47.74,1.0,51.86,106.63,13.46,2.0,1.0,15.64,46.7,5.07,609,1.15270936,822.37,1.35
2718,6,244,180.61,151.08,166.6,177.09,316.62,3.0,21.31,31.38,21.1,83.03,76.0,1.0,13.59,1.0,11.71,1.0,1.0,18.97,1.0,1.27,765,1.3660130719999999,1338.67,1.75
2723,6,1432,28.08,73.15,77.54,36.03,71.38,20.0,4.25,85.15,66.39,55.02,47.89,1.0,8.52,40.71,8.23,1.0,15.0,2.85,1.0,1.0,468,1.346153846,676.35,1.45
2724,6,11649,160.76,36.87,61.81,171.96,191.29,1.0,7.41,3.35,3.31,39.05,38.35,1.0,68.81,2.77,1.0,1.0,1.0,9.63,1.0,12.19,497,1.092555332,810.44,1.63
2732,6,2282,200.76,87.61,41.25,114.35,90.54,6.0,1.3,34.97,7.77,14.0,74.04,1.0,58.13,10.12,3.94,1.0,1.0,1.69,1.0,3.13,449,1.1915367479999999,763.86,1.7
2734,6,2901,81.02,84.95,39.87,65.35,112.54,12.0,18.97,27.32,1.67,14.41,39.33,1.0,66.79,5.1,10.5,1.0,1.0,0.84,1.0,1.0,458,1.061135371,600.83,1.31
2739,6,734,104.19,68.01,66.87,75.51,47.71,10.0,24.91,51.17,6.4,22.11,82.79,1.0,130.0,1.0,2.61,1.0,1.0,12.74,1.0,1.0,451,1.232815965,772.77,1.71
2749,6,1286,23.24,47.82,25.83,18.98,51.88,17.0,7.34,14.67,12.72,22.62,27.7,1.0,50.16,55.13,37.9,1.0,1.0,24.17,1.0,1.0,291,1.137457045,431.67,1.48
2763,6,11695,36.08,120.11,72.36,61.76,116.94,1.0,9.57,7.86,31.93,17.03,3.38,2.0,27.28,58.71,4.6,13.0,1.0,8.35,22.68,17.67,653,1.248085758,691.78,1.06
2764,6,1589,80.52,88.97,58.7,93.28,62.28,13.0,14.03,62.96,36.12,59.61,11.67,1.0,147.75,1.0,1.0,1.0,1.0,1.0,0.5,16.88,698,1.061604585,794.97,1.14
2768,6,2216,77.94,64.23,53.0,32.76,36.66,9.0,11.83,44.58,8.98,19.15,24.38,1.0,37.39,1.0,7.08,4.0,1.0,2.96,1.0,1.0,334,1.1916167659999999,435.06,1.3
2769,6,2154,90.54,60.82,19.95,75.8,23.73,28.0,84.69,2.78,36.41,50.95,13.6,1.0,33.77,1.0,1.0,1.0,1.0,0.42,37.36,1.0,430,1.162790698,538.08,1.25
2772,6,13060,41.52,48.11,138.62,18.04,18.25,1.0,1.0,13.27,46.47,63.85,32.84,1.0,43.82,71.42,90.9,1.0,1.0,33.78,77.69,1.0,610,1.2016393440000002,775.43,1.27
2779,6,11103,189.44,197.29,127.52,246.6,135.36,1.0,0.2,131.68,33.05,104.27,353.67,1.0,51.69,1.0,1.0,1.0,1.0,15.66,1.0,5.94,1153,1.204683435,1670.4,1.45
2788,6,15414,74.8,42.6,38.04,65.85,11.33,1.0,10.35,19.74,1.0,14.16,34.61,1.0,67.7,20.12,8.99,13.5,1.0,1.0,1.0,1.0,343,1.072886297,431.93,1.26
2789,6,12360,29.57,41.8,53.47,64.05,60.37,1.0,1.0,17.6,53.45,10.99,24.36,1.0,20.43,10.47,13.88,1.0,1.0,5.06,1.0,1.0,319,1.3072100309999999,429.56,1.35
2796,6,1730,119.89,143.43,25.42,69.65,32.47,7.0,15.81,63.73,20.72,48.81,2.99,1.0,27.97,1.0,3.17,1.0,1.0,1.0,1.0,1.0,446,1.224215247,605.17,1.36
2799,6,6875,84.82,49.86,28.13,77.6,14.15,1.0,3.33,10.84,5.64,29.17,96.71,1.0,220.33,37.9,1.0,1.0,1.0,2.79,10.43,1.0,307,1.094462541,683.49,2.23
2801,6,359,102.46,62.43,56.48,87.96,55.22,22.0,14.2,37.04,16.78,63.6,82.55,1.0,132.45,24.49,9.5,1.0,1.0,6.8,1.0,2.55,475,1.126315789,780.02,1.64
2802,6,1201,59.58,51.19,48.65,27.39,32.32,30.0,10.58,57.29,15.66,105.56,96.59,1.0,416.92,11.92,0.85,1.0,1.0,0.94,2.84,5.32,546,1.252747253,976.1,1.79
2804,6,10544,85.09,136.37,67.24,177.11,143.15,1.0,17.4,53.82,28.65,75.45,100.92,1.0,178.78,1.0,17.89,1.0,1.0,5.91,1.0,8.32,724,1.28038674,1175.05,1.62
2810,6,2226,42.92,103.1,50.21,166.4,94.15,29.0,15.3,148.21,35.09,8.09,61.55,1.0,15.29,6.65,11.7,1.0,1.0,1.0,1.0,1.69,835,1.069461078,799.25,0.96
2811,6,10707,122.09,71.15,40.56,112.31,58.97,1.0,9.8,47.45,10.53,66.04,137.82,1.0,104.83,1.0,3.82,1.0,1.0,9.9,1.0,1.0,563,1.223801066,850.98,1.51
2821,6,13936,34.15,42.21,31.85,63.28,67.35,1.0,1.0,7.36,23.3,39.32,24.43,1.0,198.3,1.0,10.9,1.0,1.0,4.13,1.0,0.84,338,1.068047337,596.74,1.77
2824,6,1253,54.57,63.94,85.63,66.46,29.76,11.0,20.42,66.25,29.21,39.48,41.95,1.0,175.64,20.27,29.05,2.0,1.0,26.55,1.0,4.15,637,1.282574568,814.6,1.28
2837,6,7643,225.77,75.03,112.97,64.29,57.23,1.0,35.34,59.18,12.15,60.34,203.24,1.0,12.5,122.01,10.15,1.0,5.0,0.84,1.0,17.73,1131,1.08045977,1128.25,1.0
2846,6,8586,41.99,98.62,49.82,91.14,19.42,1.0,15.3,5.15,14.81,3.95,10.6,0.2,100.98,40.8,0.45,1.0,1.0,6.23,1.0,2.72,355,1.177464789,507.29,1.43
2848,6,1076,39.35,21.77,34.49,47.53,13.19,99.0,24.8,51.12,10.48,38.36,37.07,1.0,32.3,1.0,1.78,1.0,1.0,1.49,1.0,1.0,429,1.018648019,418.58,0.98
2850,6,2209,95.28,59.85,16.05,72.99,131.63,21.0,32.14,13.42,9.71,20.81,9.27,1.0,92.27,1.0,8.31,1.0,1.0,1.27,1.0,12.57,342,1.169590643,599.78,1.75
2852,6,8735,35.16,103.67,96.71,46.95,19.94,1.0,14.82,58.29,43.63,16.55,45.0,1.0,55.43,2.29,25.76,3.0,1.0,22.3,1.0,1.0,481,1.241164241,628.21,1.31
2866,6,11481,104.49,111.14,59.98,38.15,7.34,1.0,3.38,66.07,13.68,40.62,45.03,1.0,30.61,2.2,3.57,1.0,1.0,8.79,1.0,1.1,420,1.242857143,550.12,1.31
2873,6,2279,21.98,7.33,24.11,43.53,33.74,14.0,7.6,4.3,9.93,23.18,27.22,1.0,80.2,4.16,1.0,1.0,1.0,50.19,1.0,1.0,201,1.114427861,361.1,1.8
2881,6,10342,213.8,142.95,189.17,215.22,53.62,1.0,97.27,154.97,17.22,115.42,387.48,1.0,230.05,0.89,2.47,4.0,25.0,12.8,1.0,1.0,1341,1.101416853,1951.91,1.46
2882,6,6521,333.49,110.84,184.56,283.45,494.28,1.0,10.7,90.15,98.72,367.04,422.09,9.95,3.82,57.24,1.0,1.0,1.0,33.2,85.46,19.07,1668,1.2356115109999999,2703.97,1.62
2883,6,6348,86.71,165.54,48.66,113.84,93.29,1.0,9.31,80.02,73.84,51.2,81.77,7.31,35.15,1.0,5.43,3.0,1.0,53.85,1.0,0.89,686,1.246355685,1014.49,1.48
2886,6,8987,164.77,231.03,308.3,173.46,509.93,1.0,249.7,135.6,379.95,139.12,288.85,9.21,138.22,5.19,11.78,6.5,1.0,35.24,1.0,13.48,1712,1.223714953,2920.63,1.71
2896,6,7379,98.83,79.59,91.39,84.92,153.87,1.0,8.65,111.48,13.06,56.59,74.49,1.0,52.97,8.25,11.05,1.0,1.0,16.28,1.0,4.65,652,1.142638037,892.35,1.37
2901,6,8567,58.88,70.26,48.79,55.25,82.21,1.0,5.99,42.92,18.17,66.88,50.18,3.81,34.21,7.0,4.05,1.0,1.0,13.59,1.0,2.79,353,1.1869688390000002,579.73,1.64
2904,6,201,41.9,113.02,86.51,74.2,48.12,17.0,8.67,27.49,23.47,53.02,44.63,1.0,17.0,1.0,7.93,1.0,1.0,3.89,1.0,10.1,562,1.128113879,666.04,1.19
2905,6,269,63.28,35.75,45.42,21.96,41.92,52.0,4.1,114.48,30.07,82.73,35.18,1.0,47.85,73.5,33.43,1.0,1.0,1.48,1.0,1.0,500,1.194,690.51,1.38
2908,6,7005,194.83,248.19,192.34,108.15,118.69,1.0,55.8,96.57,81.37,86.62,438.83,1.0,683.46,7.25,2.99,1.0,1.0,5.11,1.0,1.0,1236,1.226537217,2417.91,1.96
2922,6,81,80.55,122.82,59.01,115.42,35.35,13.0,5.44,45.67,30.87,31.82,44.73,1.0,120.66,2.0,4.53,1.0,1.0,4.52,1.0,1.0,408,1.286764706,729.04,1.79
2926,6,5562,128.89,59.91,6.3,136.16,67.06,1.0,2.8,6.82,17.32,55.03,55.16,0.64,261.31,1.0,5.63,30.0,1.0,5.42,1.0,1.0,503,1.2206759440000001,849.87,1.69
2933,6,2233,153.85,53.78,12.81,18.49,42.04,11.0,34.37,32.89,33.3,41.38,196.51,1.0,1005.33,1.0,2.49,1.0,1.0,1.0,1.0,1.0,582,1.469072165,1640.51,2.82
2937,6,7336,129.59,113.26,83.01,44.82,46.02,1.0,16.32,29.79,14.47,52.64,21.59,1.0,15.6,14.11,14.09,1.0,30.0,21.63,1.0,7.64,500,1.176,710.22,1.42
2940,6,5426,283.28,196.19,66.57,124.3,80.15,1.0,86.35,60.81,7.79,23.65,111.17,14.76,99.42,1.0,5.68,8.0,1.0,25.78,1.0,7.96,1000,1.139,1253.95,1.25
2949,6,1799,462.78,253.93,206.08,301.88,306.94,59.0,14.52,88.54,78.26,100.74,171.94,1.0,42.74,1.0,34.99,1.0,1.0,44.42,1.0,5.34,1308,1.236238532,2244.34,1.72
2952,6,687,69.67,37.86,17.68,63.71,30.59,11.0,3.8,36.64,9.57,10.19,15.93,1.0,30.18,5.57,3.87,1.0,1.0,1.0,1.0,4.91,255,1.062745098,342.0,1.34
2961,6,1064,76.57,37.04,31.86,65.85,23.37,30.0,17.35,23.92,0.76,14.2,45.75,1.0,400.91,4.7,2.4,1.0,1.0,6.8,13.02,1.95,465,1.16344086,783.87,1.69
2965,6,10410,80.17,189.87,93.75,216.42,98.19,1.0,3.41,67.4,64.71,138.7,226.25,4.11,105.67,1.94,3.76,1.0,20.0,1.86,1.0,1.0,845,1.235502959,1359.05,1.61
2971,6,14784,23.53,17.97,27.32,14.09,17.4,1.0,12.45,21.3,1.0,32.18,62.52,1.0,38.72,3.93,18.79,1.0,1.0,5.94,1.0,3.4,233,1.214592275,316.76,1.36
2975,6,2239,76.01,30.97,9.17,23.54,31.16,15.0,0.35,9.55,58.05,4.8,30.38,1.0,182.59,15.39,20.39,1.0,1.0,1.69,1.0,1.0,347,1.123919308,513.0,1.48
2983,6,2263,53.47,127.91,47.23,78.91,183.19,40.0,11.25,51.68,15.92,39.87,30.99,1.0,151.56,2.5,4.06,1.0,1.0,4.24,1.0,1.86,459,1.137254902,826.83,1.8
